,P_STAT_CODE,STAT_CODE,STAT_NAME,CYCLE,USED,ORG_NAME
0,*,0000000001,1. 통화/금융,,N,
1,0000000001,0000000002,1.1. 통화/유동성,,N,
2,0000000002,0000000003,1.1.1. 본원통화,,N,
3,0000000003,0000000004,1.1.1.1. 본원통화 구성내역,,N,
4,0000000004,102Y004,"1.1.1.1.1. 본원통화 구성내역(평잔, 계절조정계열)",,Y,한국은행
5,0000000004,102Y002,"1.1.1.1.2. 본원통화 구성내역(평잔, 원계열)",,Y,한국은행
6,0000000004,102Y003,"1.1.1.1.3. 본원통화 구성내역(말잔, 계절조정계열)",,Y,한국은행
7,0000000004,102Y001,"1.1.1.1.4. 본원통화 구성내역(말잔, 원계열)",,Y,한국은행
8,0000000002,0000000005,1.1.2. M1(협의통화),,N,
9,0000000005,0000000006,1.1.2.1. M1(협의통화) 상품별 구성내역,,N,
10,0000000006,101Y018,"1.1.2.1.1. M1 상품별 구성내역(평잔, 계절조정계열)",,Y,한국은행
11,0000000006,101Y019,"1.1.2.1.2. M1 상품별 구성내역(평잔, 원계열)",,Y,한국은행
12,0000000006,101Y016,"1.1.2.1.3. M1 상품별 구성내역(말잔, 계절조정계열)",,Y,한국은행
13,0000000006,101Y017,"1.1.2.1.4. M1 상품별 구성내역(말잔, 원계열)",,Y,한국은행
14,0000000002,0000000007,1.1.3. M2(광의통화),,N,
15,0000000007,0000000008,1.1.3.1. M2(광의통화) 상품별 구성내역,,N,
16,0000000008,101Y003,"1.1.3.1.1. M2 상품별 구성내역(평잔, 계절조정계열)",,Y,한국은행
17,0000000008,101Y004,"1.1.3.1.2. M2 상품별 구성내역(평잔, 원계열)",,Y,한국은행
18,0000000008,101Y001,"1.1.3.1.3. M2 상품별 구성내역(말잔, 계절조정계열)",,Y,한국은행
19,0000000008,101Y002,"1.1.3.1.4. M2 상품별 구성내역(말잔, 원계열)",,Y,한국은행
20,0000000007,0000000009,1.1.3.2. M2(광의통화) 경제주체별 보유현황,,N,
21,0000000009,101Y006,"1.1.3.2.1. M2 경제주체별 보유현황(평잔, 계절조정계열)",,Y,
22,0000000009,101Y015,"1.1.3.2.2. M2 경제주체별 보유현황(평잔, 원계열)",,Y,한국은행
23,0000000009,101Y005,"1.1.3.2.3. M2 경제주체별 보유현황(말잔, 계절조정계열)",,Y,한국은행
24,0000000009,101Y014,"1.1.3.2.4. M2 경제주체별 보유현황(말잔, 원계열)",,Y,한국은행
25,0000000007,0000000010,1.1.3.3. M2 기관별 구성내역,,N,
26,0000000010,101Y008,1.1.3.3.1. M2 기관별구성내역(평잔),,Y,한국은행
27,0000000010,101Y007,1.1.3.3.2. M2 기관별구성내역(말잔),,Y,한국은행
28,0000000002,0000000012,1.1.4. Lf(금융기관 유동성) 관련통계,,N,
29,0000000012,0000000013,1.1.4.1. Lf(금융기관 유동성) 상품별 구성내역,,N,
30,0000000013,111Y003,"1.1.4.1.1. Lf 상품별 구성내역(평잔, 계절조정계열)",,Y,
31,0000000013,111Y004,"1.1.4.1.2. Lf 상품별 구성내역(평잔, 원계열)",,Y,
32,0000000013,111Y001,"1.1.4.1.3. Lf 상품별 구성내역(말잔, 계절조정계열)",,Y,
33,0000000013,111Y002,"1.1.4.1.4. Lf 상품별 구성내역(말잔, 원계열)",,Y,
34,0000000012,0000000014,1.1.4.2. Lf 기관별 구성내역,,N,
35,0000000014,111Y006,1.1.4.2.1. Lf 기관별 구성내역(평잔),,Y,
36,0000000014,111Y005,1.1.4.2.2. Lf 기관별 구성내역(말잔),,Y,
37,0000000002,0000000015,1.1.5. L(광의유동성) 구성내역,,N,
38,0000000015,112Y001,"1.1.5.1. L(광의유동성) 구성내역(말잔, 계절조정계열)",,Y,
39,0000000015,112Y002,"1.1.5.2. L(광의유동성) 구성내역(말잔, 원계열)",,Y,
40,0000000002,0000000017,1.1.6. 예금취급기관 개관표,,N,
41,0000000017,101Y009,1.1.6.1. 예금취급기관 개관표(말잔),,Y,한국은행
42,0000000017,101Y010,1.1.6.2. 중앙은행 개관표(말잔),,Y,한국은행
43,0000000017,101Y011,1.1.6.3. 기타예금취급기관 개관표(말잔),,Y,한국은행
44,0000000001,0000000020,1.2. 금융기관 여수신,,N,
45,0000000020,0000000021,1.2.1. 수신,,N,
46,0000000021,0000000022,1.2.1.1. 예금은행 수신,,N,
47,0000000022,104Y014,1.2.1.1.1. 예금은행 총수신(평잔),,Y,한국은행
48,0000000022,104Y013,1.2.1.1.2. 예금은행 총수신(말잔),,Y,한국은행
49,0000000022,104Y008,"1.2.1.1.3. 예금은행 원화예금(종별, 평잔)",,Y,한국은행
50,0000000022,104Y015,"1.2.1.1.4. 예금은행 원화예금(종별, 말잔)",,Y,한국은행
51,0000000022,104Y009,"1.2.1.1.5. 예금은행 원화예금(예금주별,말잔)",,Y,한국은행
52,0000000022,104Y010,"1.2.1.1.6. 예금은행 정기예금(기간별, 말잔)",,Y,한국은행
53,0000000021,0000000023,1.2.1.2. 비은행예금기관 수신,,N,
54,0000000023,111Y008,1.2.1.2.1. 비은행기관 수신(평잔),,Y,
55,0000000023,111Y007,1.2.1.2.2. 비은행기관 수신(말잔),,Y,
56,0000000020,0000000024,1.2.2. 여신,,N,
57,0000000024,104Y016,1.2.2.1. 예금은행 대출금(말잔),,Y,한국은행
58,0000000024,111Y009,1.2.2.2. 비은행금융기관 여신(말잔),,Y,
59,0000000020,0000000027,1.2.3. 지역별 여수신,,N,
60,0000000027,141Y002,1.2.3.1. 예금은행 지역별 수신(말잔),,Y,한국은행
61,0000000027,141Y006,1.2.3.2. 비은행예금취급기관 지역별 수신(말잔),,Y,한국은행
62,0000000027,141Y008,1.2.3.3. 생명보험회사 지역별 수신(말잔),,Y,한국은행
63,0000000027,0000000031,1.2.3.4. 예금은행 지역별 대출금(말잔),,N,
64,0000000031,141Y003,1.2.3.4.1. 예금은행 지역별 대출금(말잔),,Y,한국은행
65,0000000031,151Y003,1.2.3.4.2. 예금은행 지역별 가계대출(말잔),,Y,한국은행
66,0000000031,141Y004,1.2.3.4.3. 예금은행 지역별 기업대출(말잔),,Y,한국은행
67,0000000027,0000000032,1.2.3.5. 비은행예금취급기관 지역별 여신(말잔),,N,
68,0000000032,141Y007,1.2.3.5.1. 비은행예금취급기관 지역별 여신(말잔),,Y,한국은행
69,0000000032,151Y006,1.2.3.5.2. 비은행예금취급기관 지역별 가계대출(말잔),,Y,한국은행
70,0000000032,141Y010,1.2.3.5.3. 비은행예금취급기관 지역별 기업대출(말잔),,Y,한국은행
71,0000000027,141Y009,1.2.3.6. 생명보험회사 지역별 여신(말잔),,Y,한국은행
72,0000000027,141Y005,1.2.3.7. 예금은행 지역별 연체율,,Y,
73,0000000020,0000000035,1.2.4. 가계신용,,N,
74,0000000035,0000000036,1.2.4.1. 가계신용(분기),,N,
75,0000000036,151Y001,"1.2.4.1.1. 가계신용(업권별, 분기)",,Y,한국은행
76,0000000036,151Y004,"1.2.4.1.2. 가계신용(용도별, 분기)",,Y,한국은행
77,0000000035,0000000037,1.2.4.2. 예금취급기관 가계대출(월),,N,
78,0000000037,151Y002,"1.2.4.2.1. 예금취급기관 가계대출(업권별, 월)",,Y,한국은행
79,0000000037,151Y005,"1.2.4.2.2. 예금취급기관 가계대출(용도별, 월)",,Y,한국은행
80,0000000020,0000000038,1.2.5. 산업별대출금,,N,
81,0000000038,0000000039,1.2.5.1. 예금취급기관 산업별대출금,,N,
82,0000000039,131Y016,"1.2.5.1.1. 산업별대출금(예금취급기관, 전산업)",,Y,
83,0000000039,131Y017,"1.2.5.1.2. 산업별대출금(예금취급기관, 용도별)",,Y,
84,0000000038,0000000040,1.2.5.2. 예금은행 산업별대출금,,N,
85,0000000040,131Y013,"1.2.5.2.1. 산업별대출금(예금은행, 전산업)",,Y,
86,0000000040,131Y011,"1.2.5.2.2. 산업별대출금(예금은행, 용도별)",,Y,
87,0000000040,131Y010,"1.2.5.2.3. 산업별대출금(예금은행, 기업형태별)",,Y,한국은행
88,0000000040,132Y001,"1.2.5.2.4. 산업별대출금(예금은행, 지역별, 전산업)",,Y,
89,0000000040,132Y003,"1.2.5.2.5. 산업별대출금(예금은행, 지역별, 용도별)",,Y,
90,0000000038,0000000041,1.2.5.3. 비은행예금취급기관 산업별대출금,,N,
91,0000000041,131Y014,"1.2.5.3.1. 산업별대출금(비은행예금취급기관, 전산업)",,Y,
92,0000000041,131Y015,"1.2.5.3.2. 산업별대출금(비은행예금취급기관, 용도별)",,Y,
93,0000000020,0000000042,1.2.6. 기타 여수신 관련 통계,,N,
94,0000000042,104Y017,1.2.6.1. 예금은행 예금회전율,,Y,한국은행
95,0000000042,901Y053,1.2.6.2. 금융기관 점포/인원 현황,,Y,금융감독원(☎ 02-3145-5114)
96,0000000042,901Y054,1.2.6.3. 은행대출금 연체율,,Y,금융감독원(☎ 02-3145-5114)
97,0000000042,901Y059,1.2.6.4. 보험계약실적,,Y,생명보험협회(02-2262-6600)
98,0000000042,105Y001,1.2.6.5. 예금규모별 계좌수 및 금액,,Y,한국은행
99,0000000001,0000000048,1.3. 금리,,N,
100,0000000048,722Y001,1.3.1. 한국은행 기준금리 및 여수신금리,,Y,
101,0000000048,0000000050,1.3.2. 시장금리,,N,
102,0000000050,817Y002,1.3.2.1. 시장금리(일별),,Y,한국은행
103,0000000050,721Y001,"1.3.2.2. 시장금리(월,분기,년)",,Y,한국은행
104,0000000048,0000000053,1.3.3. 예금은행 가중평균금리,,N,
105,0000000053,0000000054,1.3.3.1. 수신금리,,N,
106,0000000054,121Y002,1.3.3.1.1. 예금은행 수신금리(신규취급액 기준),,Y,한국은행
107,0000000054,121Y013,1.3.3.1.2. 예금은행 수신금리(잔액 기준),,Y,한국은행
108,0000000053,0000000055,1.3.3.2. 대출금리,,N,
109,0000000055,121Y006,1.3.3.2.1. 예금은행 대출금리(신규취급액 기준),,Y,한국은행
110,0000000055,121Y015,1.3.3.2.2. 예금은행 대출금리(잔액 기준),,Y,한국은행
111,0000000053,121Y008,1.3.3.3. 예금은행 금리수준별 여수신 비중(신규취급액 기준),,Y,한국은행
112,0000000053,0000000057,1.3.3.4. 예금은행 고정 및 특정금리연동 대출 비중,,N,
113,0000000057,121Y010,1.3.3.4.1. 예금은행 고정 및 특정금리연동 대출 비중(신규취급액 기준),,Y,한국은행
114,0000000057,121Y011,1.3.3.4.2. 예금은행 고정 및 특정금리연동 대출 비중(잔액 기준),,Y,한국은행
115,0000000048,0000000058,1.3.4. 비은행금융기관 가중평균금리,,N,
116,0000000058,121Y004,1.3.4.1. 비은행금융기관 수신금리(신규취급액 기준),,Y,한국은행
117,0000000058,121Y007,1.3.4.2. 비은행금융기관 대출금리(신규취급액 기준),,Y,한국은행
118,0000000001,0000000061,1.4. 한국은행 주요계정,,N,
119,0000000061,103Y002,1.4.1. 한국은행 주요계정(말잔),,Y,한국은행
120,0000000061,871Y001,1.4.2. 화폐발행잔액,,Y,한국은행
121,0000000061,0000000064,1.4.3. 예금은행 지급준비액,,N,
122,0000000064,814Y001,"1.4.3.1. 예금은행 지급준비액(신기준, 평잔)",,Y,한국은행
123,0000000064,814Y002,"1.4.3.2. 예금은행 지급준비액(구기준, 평잔)",,Y,한국은행
124,0000000061,641Y001,1.4.4. 한국은행 원화대출금,,Y,
125,0000000001,0000000397,1.5. 주식/채권/재정,,N,
126,0000000397,0000000398,1.5.1. 주식거래/주가지수,,N,
127,0000000398,802Y001,1.5.1.1. 주식시장(일),,Y,한국거래소(051-662-2000)
128,0000000398,901Y014,"1.5.1.2. 주식시장(월,년)",,Y,한국거래소(051-662-2000)
129,0000000398,901Y055,1.5.1.3. 투자자별 주식거래,,Y,한국거래소(051-662-2000)
130,0000000398,901Y056,1.5.1.4. 증시주변자금동향,,Y,금융투자협회(02-2003-9000)
131,0000000398,901Y057,1.5.1.5. 주가지수선물거래,,Y,한국거래소(051-662-2000)
132,0000000398,901Y058,1.5.1.6. 주가지수옵션거래,,Y,한국거래소(051-662-2000)
133,0000000397,901Y015,1.5.2. 채권거래,,Y,한국거래소(051-662-2000)
134,0000000397,191Y001,1.5.3. 주요 국공채 발행액/잔액,,Y,한국은행
135,0000000397,0000000399,1.5.4. 재정,,N,
136,0000000399,901Y013,1.5.4.1. 통합재정수지,,Y,기획재정부(044-215-2114)
137,0000000399,901Y081,1.5.4.2. 조세징수액,,Y,기획재정부(044-215-2114)
138,*,0000000066,2. 국민계정,,N,
139,0000000066,0000000067,2.1. 국민소득통계(2015년 기준년),,N,
140,0000000067,0000000068,2.1.1. 주요지표,,N,
141,0000000068,200Y001,2.1.1.1. 주요지표(연간지표),,Y,
142,0000000068,200Y002,2.1.1.2. 주요지표(분기지표),,Y,한국은행
143,0000000067,0000000071,"2.1.2. 생산 및 지출 GDP, GDP 디플레이터",,N,
144,0000000071,0000000072,2.1.2.1. 경제활동별 GDP 및 GNI,,N,
145,0000000072,200Y003,"2.1.2.1.1. 경제활동별 GDP 및 GNI(계절조정, 명목, 분기)",,Y,한국은행
146,0000000072,200Y004,"2.1.2.1.2. 경제활동별 GDP 및 GNI(계절조정, 실질, 분기)",,Y,한국은행
147,0000000072,200Y005,"2.1.2.1.3. 경제활동별 GDP 및 GNI(원계열, 명목, 분기 및 연간)",,Y,한국은행
148,0000000072,200Y006,"2.1.2.1.4. 경제활동별 GDP 및 GNI(원계열, 실질, 분기 및 연간)",,Y,한국은행
149,0000000071,0000000073,2.1.2.2. 국내총생산에 대한 지출,,N,
150,0000000073,200Y007,"2.1.2.2.1. 국내총생산에 대한 지출(계절조정, 명목, 분기)",,Y,한국은행
151,0000000073,200Y008,"2.1.2.2.2. 국내총생산에 대한 지출(계절조정, 실질, 분기)",,Y,한국은행
152,0000000073,200Y009,"2.1.2.2.3. 국내총생산에 대한 지출(원계열, 명목, 분기 및 연간)",,Y,한국은행
153,0000000073,200Y010,"2.1.2.2.4. 국내총생산에 대한 지출(원계열, 실질, 분기 및 연간)",,Y,한국은행
154,0000000071,0000000074,2.1.2.3. GDP 디플레이터,,N,
155,0000000074,200Y011,2.1.2.3.1. 경제활동별 국내총생산 디플레이터(분기 및 연간),,Y,한국은행
156,0000000074,200Y012,2.1.2.3.2. 국내총생산에 대한 지출 디플레이터(분기 및 연간),,Y,한국은행
157,0000000067,0000000075,2.1.3. 종합계정,,N,
158,0000000075,0000000076,2.1.3.1. 국내총생산과 지출,,N,
159,0000000076,200Y013,"2.1.3.1.1. 국내총생산과 지출(명목, 연간)",,Y,한국은행
160,0000000076,200Y014,"2.1.3.1.2. 경제활동별 국내총부가가치와 요소소득(명목, 연간)",,Y,한국은행
161,0000000075,0000000077,2.1.3.2. 국민처분가능소득과 처분,,N,
162,0000000077,200Y015,"2.1.3.2.1. 국민처분가능소득과 처분(명목, 연간)",,Y,한국은행
163,0000000077,200Y016,"2.1.3.2.2. 국민소득과 부문별 국민처분가능소득(명목, 연간)",,Y,한국은행
164,0000000075,0000000078,2.1.3.3. 자본거래,,N,
165,0000000078,200Y017,"2.1.3.3.1. 자본거래(명목, 연간)",,Y,한국은행
166,0000000075,0000000079,2.1.3.4. 국외거래,,N,
167,0000000079,200Y018,"2.1.3.4.1. 경상거래(명목, 연간)",,Y,한국은행
168,0000000079,200Y019,"2.1.3.4.2. 자본거래(명목, 연간)",,Y,한국은행
169,0000000067,0000000080,2.1.4. 제도부문별 계정,,N,
170,0000000080,200Y020,"2.1.4.1. 제도부문별 생산계정(명목, 연간)",,Y,한국은행
171,0000000080,200Y021,"2.1.4.2. 제도부문별 소득계정(명목, 연간)",,Y,한국은행
172,0000000080,200Y022,"2.1.4.3. 제도부문별 자본계정(명목, 연간)",,Y,한국은행
173,0000000067,0000000084,2.1.5. GDP에 대한 성장기여도,,N,
174,0000000084,200Y023,"2.1.5.1. 경제활동별 성장기여도(계절조정, 실질, 분기)",,Y,한국은행
175,0000000084,200Y024,"2.1.5.2. 경제활동별 성장기여도(원계열, 실질, 분기 및 연간)",,Y,한국은행
176,0000000084,200Y025,"2.1.5.3. 지출항목별 성장기여도(계절조정, 실질, 분기)",,Y,한국은행
177,0000000084,200Y026,"2.1.5.4. 지출항목별 성장기여도(원계열, 실질, 분기 및 연간)",,Y,한국은행
178,0000000067,0000000089,2.1.6. 총자본형성,,N,
179,0000000089,0000000090,2.1.6.1. 자본재형태별 총자본형성,,N,
180,0000000090,200Y027,"2.1.6.1.1. 자본재형태별 총자본형성(계절조정, 명목, 분기)",,Y,한국은행
181,0000000090,200Y028,"2.1.6.1.2. 자본재형태별 총자본형성(계절조정, 실질, 분기)",,Y,한국은행
182,0000000090,200Y029,"2.1.6.1.3. 자본재형태별 총자본형성(원계열, 명목, 분기 및 연간)",,Y,한국은행
183,0000000090,200Y030,"2.1.6.1.4. 자본재형태별 총자본형성(원계열, 실질, 분기 및 연간)",,Y,한국은행
184,0000000089,0000000091,2.1.6.2. 주체별 총자본형성,,N,
185,0000000091,200Y031,"2.1.6.2.1. 주체별 총자본형성(원계열, 명목, 분기 및 연간)",,Y,한국은행
186,0000000091,200Y032,"2.1.6.2.2. 주체별 총자본형성(원계열, 실질, 분기 및 연간)",,Y,한국은행
187,0000000091,200Y033,"2.1.6.2.3. 주체별 총고정자본형성(계절조정, 명목, 분기)",,Y,한국은행
188,0000000091,200Y034,"2.1.6.2.4. 주체별 총고정자본형성(계절조정, 실질, 분기)",,Y,한국은행
189,0000000089,0000000092,2.1.6.3. 경제활동별 총고정자본형성,,N,
190,0000000092,200Y035,"2.1.6.3.1. 경제활동별 총고정자본형성(명목, 연간)",,Y,
191,0000000092,200Y036,"2.1.6.3.2. 경제활동별 총고정자본형성(실질, 연간)",,Y,
192,0000000092,200Y037,"2.1.6.3.3. 경제활동별 자본재형태별 총고정자본형성(명목, 연간)",,Y,
193,0000000089,0000000093,2.1.6.4. 경제활동별 설비투자,,N,
194,0000000093,200Y038,"2.1.6.4.1. 경제활동별 설비투자(명목, 연간)",,Y,
195,0000000093,200Y039,"2.1.6.4.2. 경제활동별 설비투자(실질, 연간)",,Y,
196,0000000067,0000000094,2.1.7. 민간최종소비지출,,N,
197,0000000094,0000000095,2.1.7.1. 가계의 목적별 최종소비지출,,N,
198,0000000095,200Y040,"2.1.7.1.1. 가계의 목적별 최종소비지출(계절조정, 명목, 분기)",,Y,한국은행
199,0000000095,200Y041,"2.1.7.1.2. 가계의 목적별 최종소비지출(계절조정, 실질, 분기)",,Y,한국은행
200,0000000095,200Y042,"2.1.7.1.3. 가계의 목적별 최종소비지출(원계열, 명목, 분기 및 연간)",,Y,한국은행
201,0000000095,200Y043,"2.1.7.1.4. 가계의 목적별 최종소비지출(원계열, 실질, 분기 및 연간)",,Y,한국은행
202,0000000094,0000000096,2.1.7.2. 가계의 형태별 최종소비지출,,N,
203,0000000096,200Y044,"2.1.7.2.1. 가계의 형태별 최종소비지출(계절조정, 명목, 분기)",,Y,한국은행
204,0000000096,200Y045,"2.1.7.2.2. 가계의 형태별 최종소비지출(계절조정, 실질, 분기)",,Y,한국은행
205,0000000096,200Y046,"2.1.7.2.3. 가계의 형태별 최종소비지출(원계열, 명목, 분기 및 연간)",,Y,한국은행
206,0000000096,200Y047,"2.1.7.2.4. 가계의 형태별 최종소비지출(원계열, 실질, 분기 및 연간)",,Y,한국은행
207,0000000094,0000000097,2.1.7.3. 가계에 봉사하는 비영리단체의 목적별 최종소비지출,,N,
208,0000000097,200Y048,"2.1.7.3.1. 가계에 봉사하는 비영리단체의 목적별 최종소비지출(원계열, 명목, 분기 및 연간)",,Y,한국은행
209,0000000097,200Y049,"2.1.7.3.2. 가계에 봉사하는 비영리단체의 목적별 최종소비지출(원계열, 실질, 분기 및 연간)",,Y,한국은행
210,0000000094,200Y050,"2.1.7.4. 가계에 봉사하는 비영리단체의 목적별 투입 및 산출(명목, 연간)",,Y,한국은행
211,0000000067,0000000099,2.1.8. 일반정부 및 공공부문계정,,N,
212,0000000099,200Y051,"2.1.8.1. 일반정부의 부문별 기능별 최종소비지출(명목, 연간)",,Y,한국은행
213,0000000099,200Y052,"2.1.8.2. 일반정부의 부문별 기능별 총지출 (명목, 연간)",,Y,한국은행
214,0000000099,200Y053,"2.1.8.3. 일반정부의 부문별 총수입, 총지출, 저축투자차액(명목, 연간)",,Y,한국은행
215,0000000099,200Y054,"2.1.8.4. 공공부문의 부문별 총수입, 총지출, 저축투자차액(명목, 연간)",,Y,
216,0000000067,0000000104,2.1.9. 총저축과 총투자,,N,
217,0000000104,200Y055,"2.1.9.1. 총저축과 총투자(계절조정, 명목, 분기)",,Y,한국은행
218,0000000104,200Y056,"2.1.9.2. 총저축과 총투자(원계열, 명목, 분기 및 연간)",,Y,한국은행
219,0000000067,0000000107,2.1.10. 정보통신 부가가치 및 최종수요,,N,
220,0000000107,200Y057,"2.1.10.1. 정보통신산업(계절조정, 실질, 분기)",,Y,한국은행
221,0000000107,200Y058,"2.1.10.2. 정보통신산업(원계열, 실질, 분기 및 연간)",,Y,한국은행
222,0000000066,0000000110,2.2. 산업연관표,,N,
223,0000000110,0000000531,2.2.1. 2015년 실측표 기준,,N,
224,0000000531,0000000534,2.2.1.1. 파일 다운로드,,N,
225,0000000534,271Y001,2019 연장표,,Y,한국은행
226,0000000534,271Y002,2018 연장표,,Y,한국은행
227,0000000534,271Y003,2017 연장표,,Y,한국은행
228,0000000534,271Y004,2016 연장표,,Y,한국은행
229,0000000534,271Y005,2015 실측표,,Y,한국은행
230,0000000534,271Y006,2015 지역표,,Y,한국은행
231,0000000534,271Y007,2015-2010 연결표,,Y,한국은행
232,0000000534,271Y018,2015 부문분류표,,Y,한국은행
233,0000000534,271Y019,고용표,,Y,한국은행
234,0000000531,0000000533,2.2.1.2. 데이터,,N,
235,0000000533,271Y008,"2.2.1.2.1. 투입산출표 총거래표(생산자가격, 대분류)",,Y,한국은행
236,0000000533,271Y009,"2.2.1.2.2. 투입산출표 총투입계수표(생산자가격, 대분류)",,Y,한국은행
237,0000000533,271Y010,"2.2.1.2.3. 투입산출표 생산유발계수표(생산자가격, 대분류)",,Y,한국은행
238,0000000533,271Y011,"2.2.1.2.4. 투입산출표 수입유발계수표(생산자가격, 대분류)",,Y,한국은행
239,0000000533,271Y012,"2.2.1.2.5. 투입산출표 부가가치유발계수표(생산자가격, 대분류)",,Y,한국은행
240,0000000533,271Y013,"2.2.1.2.6. 투입산출표 취업유발계수표(생산자가격, 대분류)",,Y,한국은행
241,0000000533,271Y014,"2.2.1.2.7. 투입산출표 고용유발계수표(생산자가격, 대분류)",,Y,한국은행
242,0000000533,271Y015,"2.2.1.2.8. 공급표(기초가격, 대분류)",,Y,한국은행
243,0000000533,271Y016,"2.2.1.2.9. 사용표(구매자가격, 대분류)",,Y,한국은행
244,0000000533,271Y017,"2.2.1.2.10. 사용표(기초가격, 대분류)",,Y,한국은행
245,0000000533,271Y068,"2.2.1.2.11. 투입산출표 총거래표(생산자가격, 중분류)",,Y,한국은행
246,0000000533,271Y069,"2.2.1.2.12. 투입산출표 총투입계수표(생산자가격, 중분류)",,Y,한국은행
247,0000000533,271Y070,"2.2.1.2.13. 투입산출표 생산유발계수표(생산자가격, 중분류)",,Y,한국은행
248,0000000533,271Y071,"2.2.1.2.14. 투입산출표 수입유발계수표(생산자가격, 중분류)",,Y,한국은행
249,0000000533,271Y072,"2.2.1.2.15. 투입산출표 부가가치유발계수표(생산자가격, 중분류)",,Y,한국은행
250,0000000533,271Y073,"2.2.1.2.16. 투입산출표 취업유발계수표(생산자가격, 중분류)",,Y,한국은행
251,0000000533,271Y074,"2.2.1.2.17. 투입산출표 고용유발계수표(생산자가격, 중분류)",,Y,한국은행
252,0000000533,271Y075,"2.2.1.2.18. 공급표(기초가격, 중분류)",,Y,한국은행
253,0000000533,271Y076,"2.2.1.2.19. 사용표(구매자가격, 중분류)",,Y,한국은행
254,0000000533,271Y077,"2.2.1.2.20. 사용표(기초가격, 중분류)",,Y,한국은행
255,0000000110,0000000532,2.2.2. 2010년 실측표 기준,,N,
256,0000000532,0000000536,2.2.2.1. 파일 다운로드,,N,
257,0000000536,271Y020,2014 연장표,,Y,한국은행
258,0000000536,271Y021,2013 연장표,,Y,한국은행
259,0000000536,271Y022,2012 연장표,,Y,한국은행
260,0000000536,271Y023,2011 연장표,,Y,한국은행
261,0000000536,271Y024,2010 실측표,,Y,한국은행
262,0000000536,271Y025,2013 지역표,,Y,한국은행
263,0000000536,271Y026,2010 지역표,,Y,한국은행
264,0000000536,271Y027,2010 부문분류표,,Y,한국은행
265,0000000536,271Y028,고용표,,Y,한국은행
266,0000000110,0000000537,2.2.3. 2005년 실측표 기준,,N,
267,0000000537,0000000538,2.2.3.1. 파일 다운로드,,N,
268,0000000538,271Y029,2011 연장표,,Y,한국은행
269,0000000538,271Y030,2010 연장표,,Y,한국은행
270,0000000538,271Y031,2009 연장표,,Y,한국은행
271,0000000538,271Y033,2009 연장표(불변가격),,Y,한국은행
272,0000000538,271Y034,2008 연장표,,Y,한국은행
273,0000000538,271Y035,2008 연장표(불변가격),,Y,한국은행
274,0000000538,271Y036,2007 연장표,,Y,한국은행
275,0000000538,271Y037,2007 연장표(불변가격),,Y,한국은행
276,0000000538,271Y038,2006 연장표,,Y,한국은행
277,0000000538,271Y039,2006 연장표(불변가격),,Y,한국은행
278,0000000538,271Y040,2005-2000-1995 연결표,,Y,한국은행
279,0000000538,271Y041,2005 실측표,,Y,한국은행
280,0000000538,271Y042,2005 지역표,,Y,한국은행
281,0000000110,0000000564,2.2.4. 2003년 실측표 기준,,N,
282,0000000564,0000000565,2.2.4.1. 파일 다운로드,,N,
283,0000000565,271Y043,2003 실측표,,Y,한국은행
284,0000000565,271Y044,2003 지역표,,Y,한국은행
285,0000000110,0000000566,2.2.5. 2000년 실측표 기준,,N,
286,0000000566,0000000567,2.2.5.1. 파일 다운로드,,N,
287,0000000567,271Y045,2000 실측표,,Y,한국은행
288,0000000567,271Y046,2000-1995-1990 연결표,,Y,한국은행
289,0000000110,0000000568,2.2.6. 1995년 실측표 기준,,N,
290,0000000568,0000000569,2.2.6.1. 파일 다운로드,,N,
291,0000000569,271Y047,1998 연장표,,Y,한국은행
292,0000000569,271Y048,1995 실측표,,Y,한국은행
293,0000000569,271Y049,1995-1990-1985 연결표,,Y,한국은행
294,0000000110,0000000570,2.2.7. 1990년 실측표 기준,,N,
295,0000000570,0000000578,2.2.7.1. 파일 다운로드,,N,
296,0000000578,271Y050,1993 연장표,,Y,한국은행
297,0000000578,271Y051,1990 실측표,,Y,한국은행
298,0000000578,271Y052,1990-1985-1980 연결표,,Y,한국은행
299,0000000110,0000000572,2.2.8. 1985년 실측표 기준,,N,
300,0000000572,0000000579,2.2.8.1. 파일 다운로드,,N,
301,0000000579,271Y053,1988 연장표,,Y,한국은행
302,0000000579,271Y054,1987 연장표,,Y,한국은행
303,0000000579,271Y055,1986 연장표,,Y,한국은행
304,0000000579,271Y056,1985 실측표,,Y,한국은행
305,0000000579,271Y057,1985-1980-1975 연결표,,Y,한국은행
306,0000000110,0000000574,2.2.9. 1980년 실측표 기준,,N,
307,0000000574,0000000580,2.2.9.1. 파일 다운로드,,N,
308,0000000580,271Y058,1983 연장표,,Y,한국은행
309,0000000580,271Y059,1980 실측표,,Y,한국은행
310,0000000110,0000000576,2.2.10. 1975년 실측표 기준,,N,
311,0000000576,0000000581,2.2.10.1. 파일 다운로드,,N,
312,0000000581,271Y060,1978 연장표,,Y,한국은행
313,0000000581,271Y061,1975 실측표,,Y,한국은행
314,0000000110,0000000583,2.2.11. 1970년 실측표 기준,,N,
315,0000000583,0000000584,2.2.11.1. 파일 다운로드,,N,
316,0000000584,271Y062,1973 연장표,,Y,한국은행
317,0000000584,271Y063,1970 실측표,,Y,한국은행
318,0000000110,0000000585,2.2.12. 1966년 실측표 기준,,N,
319,0000000585,0000000588,2.2.12.1. 파일 다운로드,,N,
320,0000000588,271Y064,1968 연장표,,Y,한국은행
321,0000000588,271Y065,1966 실측표,,Y,한국은행
322,0000000110,0000000586,2.2.13. 1963년 실측표 기준,,N,
323,0000000586,0000000589,2.2.13.1. 파일 다운로드,,N,
324,0000000589,271Y066,1963 실측표,,Y,한국은행
325,0000000110,0000000587,2.2.14. 1960년 실측표 기준,,N,
326,0000000587,0000000590,2.2.14.1. 파일 다운로드,,N,
327,0000000590,271Y067,1960 실측표,,Y,한국은행
328,0000000066,0000000111,2.3. 자금순환표,,N,
329,0000000111,0000000112,2.3.1. 2009- (2008 SNA 기준),,N,
330,0000000112,281Y001,2.3.1.1. 금융거래표(2009~),,Y,
331,0000000112,281Y002,2.3.1.2. 금융자산부채잔액표(2008~),,Y,
332,0000000111,0000000115,2.3.2. 2002-2013 (1993 SNA 기준),,N,
333,0000000115,281Y006,2.3.2.1. 금융거래표(2003~2013),,Y,
334,0000000115,281Y007,2.3.2.2. 금융자산부채잔액표(2002~),,Y,
335,0000000111,0000000118,2.3.3. 1975-2005 (1968 SNA 기준),,N,
336,0000000118,281Y004,2.3.3.1. 금융거래표(1975~2005),,Y,
337,0000000118,281Y005,2.3.3.2. 금융자산부채잔액표(1975~2005),,Y,
338,0000000111,0000000121,2.3.4. 1969-1974 (1968 SNA 기준),,N,
339,0000000121,281Y011,2.3.4.1. 금융거래표(1970~1974),,Y,
340,0000000121,281Y012,2.3.4.2. 금융자산부채잔액표(1969~1974),,Y,
341,0000000111,0000000124,2.3.5. 1962-1970 (1953 SNA 기준),,N,
342,0000000124,281Y009,2.3.5.1. 금융거래표(1963~1970),,Y,
343,0000000124,281Y010,2.3.5.2. 금융자산부채잔액표(1962~1970),,Y,
344,0000000066,0000000127,2.4. 국민대차대조표(2015년 기준년),,N,
345,0000000127,0000000128,2.4.1. 자산별 자본스톡,,N,
346,0000000128,0000000129,2.4.1.1. 자산별 순자본스톡,,N,
347,0000000129,291Y401,"2.4.1.1.1. 자산별 순자본스톡(명목, 연말기준)",,Y,
348,0000000129,291Y402,"2.4.1.1.2. 자산별 순자본스톡(실질, 연말기준)",,Y,
349,0000000128,0000000130,2.4.1.2. 자산별 생산자본스톡,,N,
350,0000000130,291Y403,"2.4.1.2.1. 자산별 생산자본스톡(명목, 연말기준)",,Y,
351,0000000130,291Y404,"2.4.1.2.2. 자산별 생산자본스톡(실질, 연말기준)",,Y,
352,0000000127,0000000131,2.4.2. 제도부문별 대차대조표,,N,
353,0000000131,291Y405,"2.4.2.1. 제도부문별 대차대조표(명목, 연말기준)",,Y,
354,0000000131,291Y406,2.4.2.2. 자산/부채의 증감(명목),,Y,
355,0000000131,291Y407,2.4.2.3. 순자산 증감(명목),,Y,
356,0000000127,0000000135,2.4.3. 제도부문별 순자본스톡,,N,
357,0000000135,291Y408,"2.4.3.1. 제도부문별 순자본스톡(명목, 연말기준)",,Y,
358,0000000127,0000000137,2.4.4. 제도부문별 비금융자산별 보유손익,,N,
359,0000000137,291Y409,2.4.4.1. 제도부문별 비금융자산별 명목보유손익(명목),,Y,
360,0000000137,291Y410,2.4.4.2. 제도부문별 비금융자산별 중립보유손익(명목),,Y,
361,0000000137,291Y411,2.4.4.3. 제도부문별 비금융자산별 실질보유손익(명목),,Y,
362,0000000127,0000000141,2.4.5. 제도부문별 생산자본스톡,,N,
363,0000000141,291Y412,"2.4.5.1. 제도부문별 생산자본스톡(명목, 연말기준)",,Y,
364,0000000141,291Y413,"2.4.5.2. 제도부문별 생산자본스톡(실질, 연말기준)",,Y,
365,0000000127,0000000143,2.4.6. 제도부문별 자본서비스물량지수,,N,
366,0000000143,291Y414,2.4.6.1. 제도부문별 연쇄라스파이레스 자본서비스물량지수,,Y,
367,0000000143,291Y415,2.4.6.2. 제도부문별 연쇄통크비스트 자본서비스물량지수,,Y,
368,0000000143,291Y416,"2.4.6.3. 제도부문별 자본사용자비용 비중(명목, %)",,Y,
369,0000000127,0000000147,2.4.7. 경제활동별 순자본스톡,,N,
370,0000000147,291Y417,"2.4.7.1. 경제활동별 순자본스톡(명목, 연말기준)",,Y,
371,0000000147,291Y418,"2.4.7.2. 경제활동별 순자본스톡(실질, 연말기준)",,Y,
372,0000000127,0000000149,2.4.8. 경제활동별 생산자본스톡,,N,
373,0000000149,291Y419,"2.4.8.1. 경제활동별 생산자본스톡(명목, 연말기준)",,Y,
374,0000000149,291Y420,"2.4.8.2. 경제활동별 생산자본스톡(실질, 연말기준)",,Y,
375,0000000127,0000000151,2.4.9. 경제활동별 자본서비스물량지수,,N,
376,0000000151,291Y421,2.4.9.1. 경제활동별 연쇄라스파이레스 자본서비스물량지수,,Y,
377,0000000151,291Y422,2.4.9.2. 경제활동별 연쇄통크비스트 자본서비스물량지수,,Y,
378,0000000151,291Y423,"2.4.9.3. 경제활동별 자본사용자비용 비중(명목, %)",,Y,
379,0000000127,291Y424,"2.4.10. 주택 시가총액(명목, 연말기준)",,Y,
380,0000000127,291Y425,"2.4.11. 시도별 토지자산 순자본스톡(명목, 연말기준)",,Y,
381,0000000066,0000000157,2.5. 국제수지표,,N,
382,0000000157,0000000158,2.5.1. 국제수지,,N,
383,0000000158,301Y013,2.5.1.1. 국제수지,,Y,한국은행
384,0000000158,301Y017,2.5.1.2. 경상수지(계절조정),,Y,한국은행
385,0000000158,301Y014,2.5.1.3. 서비스무역세분류통계,,Y,한국은행
386,0000000158,301Y015,2.5.1.4. 지역별 경상수지,,Y,한국은행
387,0000000158,301Y016,2.5.1.5. 지역별 자본수지/금융계정,,Y,한국은행
388,0000000157,0000000164,2.5.2. 지식재산권 무역수지,,N,
389,0000000164,0000000165,2.5.2.1. 제10차 한국표준산업분류(2017~),,N,
390,0000000165,304Y004,2.5.2.1.1. 지식재산권 무역수지(유형별),,Y,한국은행
391,0000000165,304Y005,2.5.2.1.2. 지식재산권 무역수지(기관형태별),,Y,한국은행
392,0000000165,304Y006,2.5.2.1.3. 지식재산권 무역수지(산업별),,Y,한국은행
393,0000000165,304Y007,2.5.2.1.4. 지식재산권 무역수지(국가별),,Y,한국은행
394,0000000165,304Y012,"2.5.2.1.5. 지식재산권 무역수지(유형별, 기관형태별)",,Y,한국은행
395,0000000165,304Y013,"2.5.2.1.6. 지식재산권 무역수지(유형별, 산업별)",,Y,한국은행
396,0000000165,304Y014,"2.5.2.1.7. 지식재산권 무역수지(유형별, 국가별)",,Y,한국은행
397,0000000165,304Y015,"2.5.2.1.8. 지식재산권 무역수지(기관형태별, 산업별)",,Y,한국은행
398,0000000165,304Y016,"2.5.2.1.9. 지식재산권 무역수지(기관형태별, 국가별)",,Y,한국은행
399,0000000165,304Y017,"2.5.2.1.10. 지식재산권 무역수지(산업별, 국가별)",,Y,한국은행
400,0000000164,0000000166,2.5.2.2. 제9차 한국표준산업분류(2010~2020),,N,
401,0000000166,304Y008,2.5.2.2.1. 지식재산권 무역수지(유형별),,Y,한국은행
402,0000000166,304Y009,2.5.2.2.2. 지식재산권 무역수지(기관형태별),,Y,한국은행
403,0000000166,304Y010,2.5.2.2.3. 지식재산권 무역수지(산업별),,Y,한국은행
404,0000000166,304Y011,2.5.2.2.4. 지식재산권 무역수지(국가별),,Y,한국은행
405,0000000166,304Y018,"2.5.2.2.5. 지식재산권 무역수지(유형별, 기관형태별)",,Y,한국은행
406,0000000166,304Y019,"2.5.2.2.6. 지식재산권 무역수지(유형별, 산업별)",,Y,한국은행
407,0000000166,304Y020,"2.5.2.2.7. 지식재산권 무역수지(유형별, 국가별)",,Y,한국은행
408,0000000166,304Y021,"2.5.2.2.8. 지식재산권 무역수지(기관형태별, 산업별)",,Y,한국은행
409,0000000166,304Y022,"2.5.2.2.9. 지식재산권 무역수지(기관형태별, 국가별)",,Y,한국은행
410,0000000166,304Y023,"2.5.2.2.10. 지식재산권 무역수지(산업별, 국가별)",,Y,한국은행
411,0000000066,0000000167,2.6. 국제투자대조표/대외채권채무,,N,
412,0000000167,0000000168,2.6.1. 국제투자대조표,,N,
413,0000000168,311Y001,2.6.1.1. 국제투자대조표(IIP),,Y,한국은행
414,0000000168,311Y002,2.6.1.2. 지역별 국제투자대조표,,Y,한국은행
415,0000000168,311Y003,2.6.1.3. 통화별 국제투자대조표,,Y,한국은행
416,0000000167,0000000172,2.6.2. 대외채무/채권,,N,
417,0000000172,311Y004,2.6.2.1. 대외채무,,Y,
418,0000000172,311Y005,2.6.2.2. 대외채권,,Y,
419,0000000172,311Y006,2.6.2.3. 순대외채권,,Y,한국은행
420,*,0000000176,3. 환율/통관수출입/외환보유액,,N,
421,0000000176,0000000177,3.1. 환율,,N,
422,0000000177,0000000178,3.1.1. 일일환율,,N,
423,0000000178,731Y001,3.1.1.1. 주요국 통화의 대원화환율,,Y,서울외국환중개
424,0000000178,731Y002,3.1.1.2. 주요국 통화의 대미달러환율,,Y,서울외국환중개
425,0000000178,731Y003,"3.1.1.3. 원화의 대미달러, 원화의 대위안/대엔 환율",,Y,한국은행
426,0000000177,0000000182,3.1.2. 평균환율/기말환율,,N,
427,0000000182,731Y004,3.1.2.1. 주요국 통화의 대원화환율,,Y,한국은행
428,0000000182,731Y005,3.1.2.2. 주요국 통화의 대미달러환율,,Y,한국은행
429,0000000182,731Y006,"3.1.2.3. 원화의 대미달러, 원화의 대위안/대엔 환율",,Y,한국은행
430,0000000176,0000000186,3.2. 통관기준 수출입,,N,
431,0000000186,0000000187,3.2.1. 국가별 수출입,,N,
432,0000000187,901Y011,3.2.1.1. 국가별 수출,,Y,한국무역협회(1566-5114)
433,0000000187,901Y012,3.2.1.2. 국가별 수입,,Y,한국무역협회(1566-5114)
434,0000000186,0000000190,3.2.2. 결제통화별 수출입,,N,
435,0000000190,0000000191,3.2.2.1. 결제통화별 수출,,N,
436,0000000191,303Y001,3.2.2.1.1. 지역별 결제통화(수출),,Y,
437,0000000191,303Y002,3.2.2.1.2. 국가별 결제통화(수출),,Y,한국은행
438,0000000191,303Y003,"3.2.2.1.3. 지역별,국가별 원화결제(수출)",,Y,한국은행
439,0000000190,0000000192,3.2.2.2. 결제통화별 수입,,N,
440,0000000192,303Y004,3.2.2.2.1. 지역별 결제통화(수입),,Y,한국은행
441,0000000192,303Y005,3.2.2.2.2. 국가별 결제통화(수입),,Y,한국은행
442,0000000192,303Y006,"3.2.2.2.3. 지역별,국가별 원화결제(수입)",,Y,한국은행
443,0000000176,0000000193,3.3. 무역지수/교역조건지수(2015=100),,N,
444,0000000193,0000000194,3.3.1. 수출입 금액/물량지수,,N,
445,0000000194,0000000195,3.3.1.1. 수출 금액/물량지수,,N,
446,0000000195,403Y001,3.3.1.1.1. 수출금액지수,,Y,한국은행
447,0000000195,403Y002,3.3.1.1.2. 수출물량지수,,Y,한국은행
448,0000000194,0000000196,3.3.1.2. 수입 금액/물량지수,,N,
449,0000000196,403Y003,3.3.1.2.1. 수입금액지수,,Y,한국은행
450,0000000196,403Y004,3.3.1.2.2. 수입물량지수,,Y,한국은행
451,0000000193,403Y005,3.3.2. 교역조건지수,,Y,한국은행
452,0000000176,0000000198,3.4. 해외투자/차관,,N,
453,0000000198,901Y060,3.4.1. 해외직접투자(신고기준),,Y,한국수출입은행(02-6255-5712)
454,0000000198,901Y061,3.4.2. 외국인투자(신고기준),,Y,산업통상자원부(1577-0900)
455,0000000176,732Y001,3.5. 외환보유액,,Y,한국은행
456,*,0000000202,4. 물가,,N,
457,0000000202,0000000203,4.1. 생산자물가지수(2015=100),,N,
458,0000000203,0000000204,4.1.1. 생산자물가지수,,N,
459,0000000204,404Y014,4.1.1.1. 생산자물가지수(기본분류),,Y,한국은행
460,0000000204,404Y015,4.1.1.2. 생산자물가지수(특수분류),,Y,한국은행
461,0000000204,404Y016,4.1.1.3. 생산자물가지수(품목별),,Y,한국은행
462,0000000204,404Y017,4.1.1.4. 생산자물가지수-총지수(1910~1964),,Y,한국은행
463,0000000203,405Y006,4.1.2. 국내공급물가지수,,Y,한국은행
464,0000000203,405Y007,4.1.3. 총산출물가지수,,Y,한국은행
465,0000000202,0000000211,4.2. 소비자물가지수(2020=100),,N,
466,0000000211,901Y009,4.2.1. 소비자물가지수,,Y,통계청(02-2012-9114)
467,0000000211,901Y010,4.2.2. 소비자물가지수(특수분류),,Y,통계청(02-2012-9114)
468,0000000202,0000000214,4.3. 수출/수입물가지수(2015=100),,N,
469,0000000214,0000000215,4.3.1. 수출물가지수,,N,
470,0000000215,402Y014,4.3.1.1. 수출물가지수(기본분류),,Y,한국은행
471,0000000215,402Y015,4.3.1.2. 수출물가지수(특수분류),,Y,한국은행
472,0000000215,402Y016,4.3.1.3. 수출물가지수(품목별),,Y,한국은행
473,0000000214,0000000219,4.3.2. 수입물가지수,,N,
474,0000000219,401Y015,4.3.2.1. 수입물가지수(기본분류),,Y,한국은행
475,0000000219,401Y016,4.3.2.2. 수입물가지수(특수분류),,Y,한국은행
476,0000000219,401Y017,4.3.2.3. 수입물가지수(품목별),,Y,한국은행
477,0000000219,401Y018,4.3.2.4. 수입물가지수(용도별),,Y,한국은행
478,0000000202,0000000224,4.4. 부동산 가격지수,,N,
479,0000000224,0000000225,4.4.1. 주택가격지수(KB),,N,
480,0000000225,901Y062,4.4.1.1. 주택매매가격지수(KB),,Y,KB국민은행(1588-9999)
481,0000000225,901Y063,4.4.1.2. 주택전세가격지수(KB),,Y,KB국민은행(1588-9999)
482,0000000224,901Y064,4.4.2. 지역별 지가변동률,,Y,한국부동산원(1644-2828)
483,0000000224,0000000227,4.4.3. 유형별 주택가격지수,,N,
484,0000000227,901Y093,4.4.3.1. 유형별 주택매매가격지수,,Y,한국부동산원(1644-2828)
485,0000000227,901Y094,4.4.3.2. 유형별 주택전세가격지수,,Y,한국부동산원(1644-2828)
486,0000000227,901Y095,4.4.3.3. 유형별 주택월세통합가격지수,,Y,한국부동산원(1644-2828)
487,0000000224,901Y089,4.4.4. 아파트 매매 실거래가격지수,,Y,한국부동산원(1644-2828)
488,0000000224,0000000229,4.4.5. 상권별 임대가격지수,,N,
489,0000000229,901Y096,4.4.5.1. 상권별 오피스임대가격지수,,Y,한국부동산원(1644-2828)
490,0000000229,901Y097,4.4.5.2. 상권별 중대형 상가 임대가격지수,,Y,한국부동산원(1644-2828)
491,*,0000000230,5. 기업경영분석,,N,
492,0000000230,0000000231,5.1. 기업경영분석지표(연),,N,
493,0000000231,0000000232,5.1.1. 기업경영분석지표,,N,
494,0000000232,501Y011,"5.1.1.1. 기업경영분석지표(2009~,전수조사)",,Y,한국은행
495,0000000232,501Y017,5.1.1.2. 기업경영분석지표(2007~2010),,Y,한국은행
496,0000000232,501Y018,5.1.1.3. 기업경영분석지표(~2007),,Y,한국은행
497,0000000231,0000000400,5.1.2. 성장성 지표,,N,
498,0000000400,501Y005,"5.1.2.1. 성장성 지표(제10차 한국표준산업분류, 2009~)",,Y,한국은행
499,0000000400,501Y019,"5.1.2.2. 성장성 지표(중소기업기본법, 2015~2016)",,Y,한국은행
500,0000000400,501Y020,"5.1.2.3. 성장성 지표(조세특례제한법, 2009~2014)",,Y,한국은행
501,0000000400,501Y021,"5.1.2.4. 성장성 지표(2007~2010, 표본조사)",,Y,한국은행
502,0000000400,501Y022,"5.1.2.5. 성장성 지표(1998~2007, 표본조사)",,Y,한국은행
503,0000000400,501Y023,"5.1.2.6. 성장성 지표(1990~1997, 표본조사)",,Y,한국은행
504,0000000231,0000000239,5.1.3. 수익성 지표,,N,
505,0000000239,501Y006,"5.1.3.1. 수익성 지표(제10차 한국표준산업분류, 2009~)",,Y,한국은행
506,0000000239,501Y024,"5.1.3.2. 수익성 지표(중소기업기본법, 2015~2016)",,Y,한국은행
507,0000000239,501Y025,"5.1.3.3. 수익성 지표(조세특례제한법, 2009~2014)",,Y,한국은행
508,0000000239,501Y026,"5.1.3.4. 수익성 지표(2007~2010, 표본조사)",,Y,한국은행
509,0000000239,501Y027,"5.1.3.5. 수익성 지표(1998~2007, 표본조사)",,Y,한국은행
510,0000000239,501Y028,"5.1.3.6. 수익성 지표(1990~1997, 표본조사)",,Y,한국은행
511,0000000231,0000000245,5.1.4. 자산/자본 지표,,N,
512,0000000245,501Y007,"5.1.4.1. 자산/자본 지표(제10차 한국표준산업분류, 2009~)",,Y,한국은행
513,0000000245,501Y029,"5.1.4.2. 자산/자본 지표(중소기업기본법, 2015~2016)",,Y,한국은행
514,0000000245,501Y030,"5.1.4.3. 자산/자본 지표(조세특례제한법, 2009~2014)",,Y,한국은행
515,0000000245,501Y031,"5.1.4.4. 자산/자본 지표(2007~2010, 표본조사)",,Y,한국은행
516,0000000245,501Y032,"5.1.4.5. 자산/자본 지표(1998~2007, 표본조사)",,Y,한국은행
517,0000000245,501Y033,"5.1.4.6. 자산/자본 지표(1990~1997, 표본조사)",,Y,한국은행
518,0000000231,0000000246,5.1.5. 자산/자본 회전율,,N,
519,0000000246,501Y008,"5.1.5.1. 자산/자본 회전율(제10차 한국표준산업분류, 2009~)",,Y,한국은행
520,0000000246,501Y034,"5.1.5.2. 자산/자본 회전율(중소기업기본법, 2015~2016)",,Y,한국은행
521,0000000246,501Y035,"5.1.5.3. 자산/자본 회전율(조세특례제한법, 2009~2014)",,Y,한국은행
522,0000000246,501Y036,"5.1.5.4. 자산/자본 회전율(2007~2010, 표본조사)",,Y,한국은행
523,0000000246,501Y037,"5.1.5.5. 자산/자본 회전율(1998~2007, 표본조사)",,Y,한국은행
524,0000000246,501Y038,"5.1.5.6. 자산/자본 회전율(1990~1997, 표본조사)",,Y,한국은행
525,0000000231,0000000247,5.1.6. 생산성 지표,,N,
526,0000000247,501Y009,"5.1.6.1. 생산성 지표(제10차 한국표준산업분류, 2009~)",,Y,한국은행
527,0000000247,501Y039,"5.1.6.2. 생산성 지표(중소기업기본법, 2015~2016)",,Y,한국은행
528,0000000247,501Y040,"5.1.6.3. 생산성 지표(조세특례제한법, 2009~2014)",,Y,한국은행
529,0000000247,501Y041,"5.1.6.4. 생산성 지표(2007~2010, 표본조사)",,Y,한국은행
530,0000000247,501Y042,"5.1.6.5. 생산성 지표(2002~2007, 표본조사)",,Y,한국은행
531,0000000247,501Y043,"5.1.6.6. 생산성 지표(1998~2006, 표본조사)",,Y,한국은행
532,0000000247,501Y044,"5.1.6.7. 생산성 지표(1990~1997, 표본조사)",,Y,한국은행
533,0000000230,0000000267,5.2. 기업경영분석지표(분기),,N,
534,0000000267,502Y001,5.2.1. 성장성 지표,,Y,한국은행
535,0000000267,502Y002,5.2.2. 수익성 지표,,Y,한국은행
536,0000000267,502Y003,5.2.3. 자산/자본 지표,,Y,한국은행
537,0000000267,502Y004,5.2.4. 자산 회전율,,Y,한국은행
538,0000000230,0000000401,5.3. 재무상태표(연),,N,
539,0000000401,501Y001,"5.3.1. 재무상태표(제10차 한국표준산업분류, 2009~)",,Y,한국은행
540,0000000401,501Y049,"5.3.2. 재무상태표(중소기업기본법, 2015~2016)",,Y,한국은행
541,0000000401,501Y050,"5.3.3. 재무상태표(조세특례제한법, 2009~2014)",,Y,한국은행
542,0000000401,501Y051,"5.3.4. 재무상태표(2008~2010, 표본조사)",,Y,한국은행
543,0000000401,501Y052,"5.3.5. 재무상태표(2000~2007, 표본조사)",,Y,한국은행
544,0000000401,501Y053,"5.3.6. 재무상태표(1999, 표본조사)",,Y,한국은행
545,0000000401,501Y054,"5.3.7. 재무상태표(1997~1998, 표본조사)",,Y,한국은행
546,0000000401,501Y055,"5.3.8. 재무상태표(1990~1996, 표본조사)",,Y,한국은행
547,0000000230,0000000402,5.4. 손익계산서(연),,N,
548,0000000402,501Y002,"5.4.1. 손익계산서(제10차 한국표준산업분류, 2009~)",,Y,한국은행
549,0000000402,501Y056,"5.4.2. 손익계산서(중소기업기본법, 2015~2016)",,Y,한국은행
550,0000000402,501Y057,"5.4.3. 손익계산서(조세특례제한법, 2009~2014)",,Y,한국은행
551,0000000402,501Y058,"5.4.4. 손익계산서(2008~2010, 표본조사)",,Y,한국은행
552,0000000402,501Y059,"5.4.5. 손익계산서(2000~2007, 표본조사)",,Y,한국은행
553,0000000402,501Y060,"5.4.6. 손익계산서(1999, 표본조사)",,Y,한국은행
554,0000000402,501Y061,"5.4.7. 손익계산서(1997~1998, 표본조사)",,Y,한국은행
555,0000000402,501Y062,"5.4.8. 손익계산서(1990~1996, 표본조사)",,Y,한국은행
556,0000000230,0000000403,5.5. 제조원가명세서(연),,N,
557,0000000403,501Y003,"5.5.1. 제조원가명세서(제10차 한국표준산업분류, 2009~)",,Y,한국은행
558,0000000403,501Y063,"5.5.2. 제조원가명세서(중소기업기본법, 2015~2016)",,Y,한국은행
559,0000000403,501Y064,"5.5.3. 제조원가명세서(조세특례제한법, 2009~2014)",,Y,한국은행
560,0000000403,501Y065,"5.5.4. 제조원가명세서(2007~2010, 표본조사)",,Y,한국은행
561,0000000403,501Y066,"5.5.5. 제조원가명세서(2000~2007, 표본조사)",,Y,한국은행
562,0000000403,501Y067,"5.5.6. 제조원가명세서(1990~1999, 표본조사)",,Y,한국은행
563,0000000230,0000000404,5.6. 이익잉여금 처분계산서(연),,N,
564,0000000404,501Y004,"5.6.1. 이익잉여금 처분계산서(제10차 한국표준산업분류, 2009~)",,Y,한국은행
565,0000000404,501Y068,"5.6.2. 이익잉여금 처분계산서(중소기업기본법, 2015~2016)",,Y,한국은행
566,0000000404,501Y069,"5.6.3. 이익잉여금 처분계산서(조세특례제한법, 2009~2014)",,Y,한국은행
567,0000000404,501Y070,"5.6.4. 이익잉여금 처분계산서(2007~2010, 표본조사)",,Y,한국은행
568,0000000404,501Y071,"5.6.5. 이익잉여금 처분계산서(2000~2007, 표본조사)",,Y,한국은행
569,0000000404,501Y072,"5.6.6. 이익잉여금 처분계산서(1990~1999, 표본조사)",,Y,한국은행
570,0000000230,0000000405,5.7. 부가가치 구성(연),,N,
571,0000000405,501Y010,"5.7.1. 부가가치 구성(제10차 한국표준산업분류, 2009~)",,Y,한국은행
572,0000000405,501Y073,"5.7.2. 부가가치 구성(중소기업기본법, 2015~2016)",,Y,한국은행
573,0000000405,501Y074,"5.7.3. 부가가치 구성(조세특례제한법, 2009~2014)",,Y,한국은행
574,0000000405,501Y075,"5.7.4. 부가가치 구성(2007~2010, 표본조사)",,Y,한국은행
575,0000000405,501Y076,"5.7.5. 부가가치 구성(2002~2007, 표본조사)",,Y,한국은행
576,0000000405,501Y077,"5.7.6. 부가가치 구성(1998~2006, 표본조사)",,Y,한국은행
577,0000000405,501Y078,"5.7.7. 부가가치 구성(1990~1997, 표본조사)",,Y,한국은행
578,0000000230,0000000406,5.8. 현금흐름표(연),,N,
579,0000000406,0000000407,5.8.1. 현금흐름표,,N,
580,0000000407,501Y013,5.8.1.1. 현금흐름표(2012~),,Y,한국은행
581,0000000407,501Y079,5.8.1.2. 현금흐름표(2008~2011),,Y,한국은행
582,0000000407,501Y080,5.8.1.3. 현금흐름표(1995~2007),,Y,한국은행
583,0000000406,0000000408,5.8.2. 현금흐름관련 기타 주요 재무항목,,N,
584,0000000408,501Y014,5.8.2.1. 현금흐름관련 기타 주요 재무항목(2012~),,Y,한국은행
585,0000000408,501Y081,5.8.2.2. 현금흐름관련 기타 주요 재무항목(2008~2011),,Y,한국은행
586,0000000408,501Y082,5.8.2.3. 현금흐름관련 기타 주요 재무항목(1995~2007),,Y,한국은행
587,0000000406,0000000409,5.8.3. 현금흐름비율,,N,
588,0000000409,501Y015,5.8.3.1. 현금흐름비율(2012~),,Y,한국은행
589,0000000409,501Y083,5.8.3.2. 현금흐름비율(2008~2011),,Y,한국은행
590,0000000409,501Y084,5.8.3.3. 현금흐름비율(1995~2007),,Y,한국은행
591,0000000230,0000000410,5.9. 분위수(연),,N,
592,0000000410,501Y016,"5.9.1. 분위수(제10차 한국표준산업분류, 2013~)",,Y,한국은행
593,0000000410,501Y085,5.9.2. 분위수(2013~2016),,Y,한국은행
594,0000000230,0000000411,5.10. 지역별 기업경영분석,,N,
595,0000000411,0000000603,5.10.1. 기업경영분석(10차한국표준산업분류),,N,
596,0000000603,503Y005,5.10.1.1. 성장성 지표,,Y,한국은행
597,0000000603,503Y006,5.10.1.2. 수익성 지표,,Y,한국은행
598,0000000603,503Y007,5.10.1.3. 자산/자본 지표,,Y,한국은행
599,0000000603,503Y008,5.10.1.4. 자산/자본 회전율,,Y,한국은행
600,0000000603,503Y009,5.10.1.5. 생산성 지표,,Y,한국은행
601,0000000603,503Y010,5.10.1.6. 부가가치 구성,,Y,한국은행
602,0000000603,503Y001,5.10.1.7. 재무상태표,,Y,한국은행
603,0000000603,503Y002,5.10.1.8. 손익계산서,,Y,한국은행
604,0000000603,503Y003,5.10.1.9. 제조원가명세서,,Y,한국은행
605,0000000603,503Y004,5.10.1.10. 이익잉여금 처분계산서,,Y,한국은행
606,0000000411,0000000604,5.10.2. 기업경영분석(9차한국표준산업분류),,N,
607,0000000604,503Y019,5.10.2.1. 성장성 지표,,Y,한국은행
608,0000000604,503Y024,5.10.2.2. 수익성 지표,,Y,한국은행
609,0000000604,503Y029,5.10.2.3. 자산/자본 지표,,Y,한국은행
610,0000000604,503Y034,5.10.2.4. 자산/자본 회전율,,Y,한국은행
611,0000000604,503Y039,5.10.2.5. 생산성 지표,,Y,한국은행
612,0000000604,503Y073,5.10.2.6. 부가가치 구성,,Y,한국은행
613,0000000604,503Y049,5.10.2.7. 재무상태표,,Y,한국은행
614,0000000604,503Y056,5.10.2.8. 손익계산서,,Y,한국은행
615,0000000604,503Y063,5.10.2.9. 제조원가명세서,,Y,한국은행
616,0000000604,503Y068,5.10.2.10. 이익잉여금 처분계산서,,Y,한국은행
617,*,0000000283,6. 심리지수,,N,
618,0000000283,0000000284,6.1. 기업경기실사지수,,N,
619,0000000284,0000000432,6.1.1. 기업경기실사지수,,N,
620,0000000432,512Y013,6.1.1.1. 기업경기실사지수(실적),,Y,한국은행
621,0000000432,512Y014,6.1.1.2. 기업경기실사지수(전망),,Y,한국은행
622,0000000432,512Y015,6.1.1.3. 기업경기실사지수(매출액가중 실적),,Y,한국은행
623,0000000432,512Y016,6.1.1.4. 기업경기실사지수(매출액가중 전망),,Y,한국은행
624,0000000432,512Y017,6.1.1.5. 기업경기실사지수((구)실적(~2012.6)),,Y,한국은행
625,0000000432,512Y018,6.1.1.6. 기업경기실사지수((구)전망(~2012.7)),,Y,한국은행
626,0000000284,0000000433,"6.1.2. 업종별 기업경기실사지수, 2009.8~",,N,
627,0000000433,512Y007,"6.1.2.1. 업종별 기업경기실사지수, 2009.8~(실적)",,Y,한국은행
628,0000000433,512Y008,"6.1.2.2. 업종별 기업경기실사지수, 2009.8~(전망)",,Y,한국은행
629,0000000284,0000000434,"6.1.3. 업종별 기업경기실사지수, ~2009.8",,N,
630,0000000434,512Y001,"6.1.3.1. 업종별 기업경기실사지수, ~2009.8(실적)",,Y,한국은행
631,0000000434,512Y002,"6.1.3.2. 업종별 기업경기실사지수, ~2009.8(전망)",,Y,한국은행
632,0000000284,0000000435,6.1.4. 지역별 기업경기실사지수,,N,
633,0000000435,512Y019,6.1.4.1. 지역별 기업경기실사지수(실적(2013.1~)),,Y,한국은행
634,0000000435,512Y020,6.1.4.2. 지역별 기업경기실사지수(전망(2013.2~)),,Y,한국은행
635,0000000435,512Y011,6.1.4.3. 지역별 기업경기실사지수(실적(~2012.12)),,Y,한국은행
636,0000000435,512Y012,6.1.4.4. 지역별 기업경기실사지수(전망(~2013.1)),,Y,한국은행
637,0000000283,0000000436,6.2. 소비자동향조사,,N,
638,0000000436,511Y002,"6.2.1. 소비자동향조사(전국, 월, 2008.9~)",,Y,한국은행
639,0000000436,511Y001,"6.2.2. 소비자동향조사(전국, 분기, 1995.3/4~2008.2/4)",,Y,한국은행
640,0000000436,511Y003,"6.2.3. 기대인플레이션율(전국, 월)",,Y,한국은행
641,0000000436,511Y004,"6.2.4. 소비자동향조사(지역, 월)",,Y,한국은행
642,0000000283,513Y001,6.3. 경제심리지수,,Y,
643,0000000283,521Y001,6.4. 뉴스심리지수(실험적 통계),,Y,
644,0000000283,0000000290,6.5. 대출행태서베이,,N,
645,0000000290,514Y001,6.5.1. 대출행태서베이(대출태도),,Y,
646,0000000290,514Y002,6.5.2. 대출행태서베이(신용위험),,Y,
647,0000000290,514Y003,6.5.3. 대출행태서베이(대출수요),,Y,
648,*,0000000313,7. 지급결제,,N,
649,0000000313,0000000314,7.1. 어음교환 및 부도,,N,
650,0000000314,801Y002,7.1.1. 어음교환 및 부도,,Y,한국은행
651,0000000314,801Y003,7.1.2. 지역별 어음부도율,,Y,한국은행
652,0000000313,0000000323,7.2. 한은금융망 통계,,N,
653,0000000323,606Y002,7.2.1. 한은금융망,,Y,한국은행
654,0000000323,0000000448,7.2.2. 회계결제시스템 통계,,N,
655,0000000448,603Y001,7.2.2.1. 한은금융망결제통계표,,Y,한국은행
656,0000000448,603Y010,7.2.2.2. 지급결제동향,,Y,한국은행
657,0000000313,0000000422,7.3. 지로시스템 및 금융공동망,,N,
658,0000000422,604Y003,7.3.1. 지로시스템,,Y,한국은행
659,0000000422,605Y012,7.3.2. 금융공동망,,Y,한국은행
660,0000000313,0000000423,7.4. BIS기준통계,,N,
661,0000000423,602Y001,7.4.1. 결제시스템별 통계,,Y,한국은행
662,0000000423,602Y002,7.4.2. 지급수단별 통계,,Y,한국은행
663,0000000313,0000000425,7.5. 신용카드,,N,
664,0000000425,601Y003,7.5.1. 신용카드,,Y,한국은행
665,0000000425,601Y002,7.5.2. 지역별 소비유형별 개인 신용카드,,Y,한국은행
666,0000000425,601Y004,7.5.3. 가맹점(여신금융협회),,Y,여신금융협회
667,0000000313,0000000302,7.6. 전자금융통계/금융정보화통계,,N,
668,0000000302,0000000303,7.6.1. 전자금융통계,,N,
669,0000000303,631Y001,7.6.1.1. 인터넷뱅킹,,Y,한국은행
670,0000000303,632Y001,7.6.1.2. 전자어음,,Y,한국은행
671,0000000303,633Y001,7.6.1.3. 전자화폐,,Y,한국은행
672,0000000303,0000000307,7.6.1.4. 전자지급서비스,,N,
673,0000000307,633Y002,7.6.1.4.1. 전자지급결제대행,,Y,한국은행
674,0000000307,633Y003,7.6.1.4.2. 결제대금예치,,Y,한국은행
675,0000000307,633Y004,7.6.1.4.3. 선불전자지급수단,,Y,한국은행
676,0000000307,633Y005,7.6.1.4.4. 전자고지결제,,Y,한국은행
677,0000000307,633Y006,7.6.1.4.5. 직불전자지급수단,,Y,한국은행
678,0000000302,0000000308,7.6.2. 금융정보화 통계,,N,
679,0000000308,0000000309,7.6.2.1. 은행,,N,
680,0000000309,621Y001,7.6.2.1.1. 전산직원 현황,,Y,한국은행
681,0000000309,621Y002,7.6.2.1.2. 전산사무기기 현황,,Y,한국은행
682,0000000309,621Y003,7.6.2.1.3. 전산예산현황,,Y,한국은행
683,0000000309,621Y004,7.6.2.1.4. 전자금융서비스현황,,Y,한국은행
684,0000000309,621Y005,7.6.2.1.5. CD/ATM 현황,,Y,한국은행
685,0000000309,621Y006,7.6.2.1.6. 직불카드 발급 및 이용현황,,Y,한국은행
686,0000000309,621Y007,7.6.2.1.7. 체크카드 발급 및 이용현황,,Y,한국은행
687,0000000309,621Y008,7.6.2.1.8. 금융공동망현황,,Y,한국은행
688,0000000309,621Y009,7.6.2.1.9. 금융공동망의 외부정보망과의 접속현황,,Y,한국은행
689,0000000308,0000000310,7.6.2.2. 증권,,N,
690,0000000310,621Y010,7.6.2.2.1. 전산직원 현황,,Y,한국은행
691,0000000310,621Y011,7.6.2.2.2. 전산사무기기현황,,Y,한국은행
692,0000000310,621Y012,7.6.2.2.3. 전산예산현황,,Y,한국은행
693,0000000310,621Y013,7.6.2.2.4. 전자금융서비스현황,,Y,한국은행
694,0000000310,621Y014,7.6.2.2.5. 자체 CD/ATM,,Y,한국은행
695,0000000310,621Y015,7.6.2.2.6. 증권정보망,,Y,한국은행
696,0000000308,0000000311,7.6.2.3. 보험,,N,
697,0000000311,621Y016,7.6.2.3.1. 전산직원현황,,Y,한국은행
698,0000000311,621Y017,7.6.2.3.2. 전산사무기기현황,,Y,한국은행
699,0000000311,621Y018,7.6.2.3.3. 전산예산현황,,Y,한국은행
700,0000000311,621Y019,7.6.2.3.4. 전자금융서비스현황,,Y,한국은행
701,0000000311,621Y020,7.6.2.3.5. 공동이용시스템이용실적,,Y,한국은행
702,0000000308,0000000312,7.6.2.4. 기타,,N,
703,0000000312,621Y021,7.6.2.4.1. 전산직원현황,,Y,한국은행
704,0000000312,621Y022,7.6.2.4.2. 전산사무기기현황,,Y,한국은행
705,0000000312,621Y023,7.6.2.4.3. 전산예산현황,,Y,한국은행
706,*,0000000326,8. 산업/가계/기타,,N,
707,0000000326,0000000327,8.1. 경제일반/경기,,N,
708,0000000327,901Y085,8.1.1. 산업별 사업체수/종사자수,,Y,통계청(042-481-3781)
709,0000000327,901Y067,8.1.2. 경기종합지수,,Y,통계청 ( ☎ 042-481-2229 )
710,0000000327,901Y066,8.1.3. 설비투자지수,,Y,통계청 ( ☎ 042-481-2173 )
711,0000000327,901Y033,8.1.4. 전산업생산지수(농림어업제외),,Y,통계청(☎ 042-481-2170 )
712,0000000326,0000000383,8.2. 농림어업,,N,
713,0000000383,901Y068,8.2.1. 농어가 인구/가구수,,Y,통계청 ( ☎ 042-481-3806 )
714,0000000383,901Y016,8.2.2. 농림생산지수,,Y,통계청( ☎ 044-201-1409 )
715,0000000383,901Y069,8.2.3. 경지면적,,Y,통계청( ☎ 042-481-2528 )
716,0000000383,901Y017,8.2.4. 어획량,,Y,통계청( ☎ 042-481-2595 )
717,0000000383,901Y070,8.2.5. 농어가 자산 및 부채,,Y,통계청( ☎ 042-481-2306 )
718,0000000326,0000000437,8.3. 광업/제조업,,N,
719,0000000437,901Y032,8.3.1. 산업별 생산/출하/재고 지수,,Y,통계청( ☎ 042-481-2178 )
720,0000000437,901Y034,8.3.2. 재별 제조업생산지수,,Y,통계청( ☎ 042-481-2178 )
721,0000000437,901Y036,8.3.3. 설비용 기계류 생산지수,,Y,통계청(02-2012-9114)
722,0000000437,901Y039,8.3.4. 품목별 광공업 생산·출하·재고·내수·수출량,,Y,통계청(☎042-481-2178)
723,0000000437,901Y026,8.3.5. 제조업 재고율,,Y,통계청( ☎ 042-481-2178 )
724,0000000437,901Y035,8.3.6. 제조업 생산능력 및 가동률 지수,,Y,통계청( ☎ 042-481-2178 )
725,0000000437,901Y025,8.3.7. 제조업 평균가동률,,Y,통계청( ☎ 042-481-2178 )
726,0000000437,901Y018,8.3.8. 기계수주액,,Y,통계청(☎042-481-2158)
727,0000000326,0000000438,8.4. 건설/에너지,,N,
728,0000000438,901Y020,8.4.1. 국내건설수주액,,Y,통계청(☎ 042-481-2159)
729,0000000438,901Y104,8.4.2. 건설기성액,,Y,통계청(☎ 042-481-2159)
730,0000000438,901Y103,8.4.3. 건축착공현황,,Y,국토교통부(044-201-4751)
731,0000000438,901Y037,8.4.4. 건축허가현황,,Y,국토교통부(044-201-4751)
732,0000000438,901Y074,8.4.5. 미분양주택현황,,Y,통계청(☎ 044-201-4089)
733,0000000438,901Y105,8.4.6. 주택건설인허가실적,,Y, 통계청(☎ 044-201-3328)
734,0000000438,901Y106,8.4.7. 주택보유수/주택보급률,,Y,통계청(☎ 044-201-3328)
735,0000000438,901Y071,8.4.8. 발전전력량,,Y,한국전력공사(061-345-3114)
736,0000000438,901Y019,8.4.9. 부문별전력사용량,,Y,한국전력공사(061-345-3114)
737,0000000438,901Y072,8.4.10. 에너지소비량,,Y,에너지경제연구원(052-714-2114)
738,0000000438,901Y073,8.4.11. 석유제품수급,,Y,한국석유공사(☎052-216-2502)
739,0000000326,0000000439,8.5. 서비스업,,N,
740,0000000439,901Y038,8.5.1. 산업별 서비스업생산지수,,Y,통계청(☎ 042-481-3865)
741,0000000439,901Y100,8.5.2. 재별 및 상품군별 판매액지수,,Y,통계청(☎ 042-481-2198)
742,0000000439,901Y098,8.5.3. 소매업태별 판매액지수,,Y,통계청(☎ 042-481-2198)
743,0000000439,901Y101,8.5.4. 도소매업 재고액지수,,Y,통계청(☎ 042-481-2196)
744,0000000439,901Y108,8.5.5. 여객수송실적,,Y,국토교통부(☎ 044-201-3789)
745,0000000439,901Y099,8.5.6. 자동차등록대수,,Y, 통계청(☎ 044-201-3861)
746,0000000439,901Y075,8.5.7. 정보통신서비스 이용실적,,Y,한국정보통신진흥협회(02-580-0580)
747,0000000439,901Y092,8.5.8. 소비재 수입액,,Y,관세청(125)
748,0000000326,0000000440,8.6. 인구/노동,,N,
749,0000000440,901Y028,8.6.1. 추계인구/고령인구비율/합계출산율,,Y,통계청(☎ 042-481-2261)
750,0000000440,901Y027,8.6.2. 경제활동인구,,Y,"통계청(☎ 042-481-2265~2268, 2270)"
751,0000000440,901Y086,8.6.3. 직종별평균임금,,Y,"통계청(☎ 044-202-7241,7248)"
752,0000000440,901Y052,8.6.4. 산업/규모별 임금 및 근로시간,,Y,통계청(044-202-7242)
753,0000000440,901Y107,8.6.5. 노동생산성지수,,Y,한국생산성본부(☎ 02-724-1061)
754,0000000440,901Y088,8.6.6. 단위노동비용지수,,Y,한국생산성본부(☎ 02-724-1061)
755,0000000440,901Y102,8.6.7. 시간당 명목임금지수,,Y,한국생산성본부(☎ 02-724-1061)
756,0000000440,901Y083,8.6.8. 고용보험가입현황,,Y,한국고용정보원(☎ 1577- 7114 )
757,0000000440,901Y084,8.6.9. 실업급여수급실적,,Y,한국고용정보원(☎ 1577-7114)
758,0000000326,0000000700,8.7. 가계,,N,
759,0000000700,0000000701,8.7.1. 가계금융복지조사(2017~),,N,
760,0000000701,903Y101,"8.7.1.1. 시도별 자산, 부채, 소득 현황(2017~)",,Y,통계청 사회통계국 복지통계과 (☎ 042-481-6943)
761,0000000701,903Y102,"8.7.1.2. 주택종류별 자산, 부채, 소득 현황(2017~)",,Y,통계청 사회통계국 복지통계과 (☎ 042-481-6943)
762,0000000701,903Y103,"8.7.1.3. 입주형태별 자산, 부채, 소득 현황(2017~)",,Y,통계청 사회통계국 복지통계과 (☎ 042-481-6943)
763,0000000701,903Y104,"8.7.1.4. 가구원수별 자산, 부채, 소득 현황(2017~)",,Y,통계청 사회통계국 복지통계과 (☎ 042-481-6943)
764,0000000701,903Y106,"8.7.1.5. 가구주연령계층별(10세) 자산, 부채, 소득 현황(2017~)",,Y,통계청 사회통계국 복지통계과 (☎ 042-481-6943)
765,0000000701,903Y109,"8.7.1.6. 가구주 종사상지위별 자산, 부채, 소득 현황(2017~)",,Y,통계청 사회통계국 복지통계과 (☎ 042-481-6943)
766,0000000701,903Y110,"8.7.1.7. 소득5분위별 자산, 부채, 소득 현황(2017~)",,Y,
767,0000000701,903Y111,"8.7.1.8. 자산5분위별 자산, 부채, 소득 현황(2017~)",,Y,통계청 사회통계국 복지통계과 (☎ 042-481-6943)
768,0000000701,903Y112,"8.7.1.9. 순자산5분위별 자산, 부채, 소득 현황(2017~)",,Y,통계청 사회통계국 복지통계과 (☎ 042-481-6943)
769,0000000700,0000000702,8.7.2. 가계금융복지조사(2012~2017),,N,
770,0000000702,903Y001,"8.7.2.1. 시도별 자산, 부채, 소득 현황(2012~2017)",,Y,통계청 사회통계국 복지통계과 (☎ 042-481-6943)
771,0000000702,903Y002,"8.7.2.2. 주택종류별 자산, 부채, 소득 현황(2012~2017)",,Y,통계청 사회통계국 복지통계과 (☎ 042-481-6943)
772,0000000702,903Y003,"8.7.2.3. 입주형태별 자산, 부채, 소득 현황(2012~2017)",,Y,통계청 사회통계국 복지통계과 (☎ 042-481-6943)
773,0000000702,903Y004,"8.7.2.4. 가구원수별 자산, 부채, 소득 현황(2012~2017)",,Y,통계청 사회통계국 복지통계과 (☎ 042-481-6943)
774,0000000702,903Y006,"8.7.2.5. 가구주연령계층별(10세) 자산, 부채, 소득 현황(2012~2017)",,Y,통계청 사회통계국 복지통계과 (☎ 042-481-6943)
775,0000000702,903Y009,"8.7.2.6. 가구주 종사상지위별 자산, 부채, 소득 현황(2012~2017)",,Y,통계청 사회통계국 복지통계과 (☎ 042-481-6943)
776,0000000702,903Y010,"8.7.2.7. 소득5분위별 자산, 부채, 소득 현황(2012~2017)",,Y,통계청 사회통계국 복지통계과 (☎ 042-481-6943)
777,0000000702,903Y011,"8.7.2.8. 자산5분위별 자산, 부채, 소득 현황(2012~2017)",,Y,통계청 사회통계국 복지통계과 (☎ 042-481-6943)
778,0000000702,903Y012,"8.7.2.9. 순자산5분위별 자산, 부채, 소득 현황(2012~2017)",,Y,통계청 사회통계국 복지통계과 (☎ 042-481-6943)
779,0000000700,901Y031,8.7.3. 소득분배지표,,Y,통계청(☎ 042-481-2278)
780,0000000700,901Y050,"8.7.4. 가구당 월평균 가계수지(전국, 1인이상)",,Y,통계청(☎ 042-481-2289)
781,0000000700,901Y040,"8.7.5. 가구당 월평균 가계수지(전국, 2인이상)",,Y,통계청(☎ 042-481-2289)
782,0000000700,901Y024,8.7.6. 농가가계수지,,Y,통계청(☎ 042-481-2306 )
783,*,0000000394,9. 해외/북한,,N,
784,0000000394,0000000395,9.1. 주요국제통계,,N,
785,0000000395,0000000441,9.1.1. 통화·금융,,N,
786,0000000441,902Y004,9.1.1.1. 국제 주요국 본원통화,,Y,IMF
787,0000000441,902Y005,9.1.1.2. 국제 주요국 광의통화,,Y,IMF
788,0000000441,902Y006,9.1.1.3. 국제 주요국 중앙은행 정책금리,,Y,BIS
789,0000000395,0000000442,9.1.2. 물가,,N,
790,0000000442,902Y007,9.1.2.1. 국제 주요국 생산자물가지수,,Y,IMF
791,0000000442,902Y008,9.1.2.2. 국제 주요국 소비자물가지수,,Y,IMF
792,0000000395,0000000443,9.1.3. 국제수지/외환,,N,
793,0000000443,902Y009,9.1.3.1. 국제 주요국 경상수지,,Y,IMF
794,0000000443,902Y010,9.1.3.2. 국제 주요국 상품수지,,Y,IMF
795,0000000443,902Y011,9.1.3.3. 국제 주요국 서비스수지,,Y,IMF
796,0000000443,902Y012,9.1.3.4. 국제 주요국 수출(통관기준),,Y,IMF
797,0000000443,902Y013,9.1.3.5. 국제 주요국 수입(통관기준),,Y,IMF
798,0000000443,902Y014,9.1.3.6. 국제 주요국 외환보유액,,Y,IMF
799,0000000395,0000000444,9.1.4. 국민소득,,N,
800,0000000444,902Y015,9.1.4.1. 국제 주요국 경제성장률,,Y,OECD
801,0000000444,902Y016,9.1.4.2. 국제 주요국 국내총생산(GDP),,Y,OECD
802,0000000444,902Y019,9.1.4.3. 국제 주요국 국내총생산(PPP적용),,Y,OECD
803,0000000444,902Y017,9.1.4.4. 국제 주요국 국민총소득(GNI),,Y,OECD
804,0000000444,902Y018,9.1.4.5. 국제 주요국 1인당 GDP,,Y,OECD
805,0000000395,0000000445,9.1.5. 산업/고용,,N,
806,0000000445,902Y020,9.1.5.1. 국제 주요국 산업생산지수(계절변동조정),,Y,OECD
807,0000000445,902Y021,9.1.5.2. 국제 주요국 실업률(계절변동조정),,Y,OECD
808,0000000445,902Y022,9.1.5.3. 국제 주요국 취업자수(계절변동조정),,Y,OECD
809,0000000395,0000000446,9.1.6. 주요시장지표,,N,
810,0000000446,902Y001,9.1.6.1. 주요국제금리,,Y,한국은행
811,0000000446,902Y002,9.1.6.2. 국제 주요국 주가지수,,Y,한국은행
812,0000000446,902Y003,9.1.6.3. 국제상품가격,,Y,한국은행
813,0000000394,0000000396,9.2. 북한 관련 통계,,N,
814,0000000396,0000000447,9.2.1. 남북한 주요지표 비교,,N,
815,0000000447,251Y003,9.2.1.1. 총량,,Y,
816,0000000447,251Y002,9.2.1.2. 한국/북한 배율,,Y,
817,0000000396,251Y001,9.2.2. 북한의 경제활동별 실질 국내총생산,,Y,한국은행
