date,mortgage_rate,interest,year,month,year_month
2006-01-01,5.64,0.0564,2006,1,2006-01
2006-02-01,5.58,0.0558,2006,2,2006-02
2006-03-01,5.46,0.0546,2006,3,2006-03
2006-04-01,5.42,0.0542,2006,4,2006-04
2006-05-01,5.41,0.0541,2006,5,2006-05
2006-06-01,5.48,0.0548,2006,6,2006-06
2006-07-01,5.79,0.0579,2006,7,2006-07
2006-08-01,5.86,0.058600000000000006,2006,8,2006-08
2006-09-01,5.77,0.057699999999999994,2006,9,2006-09
2006-10-01,5.69,0.056900000000000006,2006,10,2006-10
2006-11-01,5.69,0.056900000000000006,2006,11,2006-11
2006-12-01,5.88,0.0588,2006,12,2006-12
2007-01-01,6.11,0.0611,2007,1,2007-01
2007-02-01,6.18,0.061799999999999994,2007,2,2007-02
2007-03-01,6.2,0.062,2007,3,2007-03
2007-04-01,6.13,0.0613,2007,4,2007-04
2007-05-01,6.17,0.0617,2007,5,2007-05
2007-06-01,6.13,0.0613,2007,6,2007-06
2007-07-01,6.24,0.062400000000000004,2007,7,2007-07
2007-08-01,6.38,0.0638,2007,8,2007-08
2007-09-01,6.52,0.0652,2007,9,2007-09
2007-10-01,6.55,0.0655,2007,10,2007-10
2007-11-01,6.59,0.0659,2007,11,2007-11
2007-12-01,6.85,0.06849999999999999,2007,12,2007-12
2008-01-01,7.08,0.0708,2008,1,2008-01
2008-02-01,6.72,0.0672,2008,2,2008-02
2008-03-01,6.7,0.067,2008,3,2008-03
2008-04-01,6.8,0.068,2008,4,2008-04
2008-05-01,6.79,0.0679,2008,5,2008-05
2008-06-01,6.77,0.0677,2008,6,2008-06
2008-07-01,6.92,0.0692,2008,7,2008-07
2008-08-01,7.16,0.0716,2008,8,2008-08
2008-09-01,7.25,0.0725,2008,9,2008-09
2008-10-01,7.58,0.0758,2008,10,2008-10
2008-11-01,7.42,0.0742,2008,11,2008-11
2008-12-01,6.81,0.0681,2008,12,2008-12
2009-01-01,5.63,0.056299999999999996,2009,1,2009-01
2009-02-01,5.38,0.0538,2009,2,2009-02
2009-03-01,5.43,0.054299999999999994,2009,3,2009-03
2009-04-01,5.3,0.053,2009,4,2009-04
2009-05-01,5.25,0.0525,2009,5,2009-05
2009-06-01,5.25,0.0525,2009,6,2009-06
2009-07-01,5.29,0.0529,2009,7,2009-07
2009-08-01,5.45,0.0545,2009,8,2009-08
2009-09-01,5.77,0.057699999999999994,2009,9,2009-09
2009-10-01,5.9,0.059000000000000004,2009,10,2009-10
2009-11-01,5.87,0.0587,2009,11,2009-11
2009-12-01,5.9,0.059000000000000004,2009,12,2009-12
2010-01-01,5.88,0.0588,2010,1,2010-01
2010-02-01,5.75,0.0575,2010,2,2010-02
2010-03-01,5.47,0.0547,2010,3,2010-03
2010-04-01,5.07,0.0507,2010,4,2010-04
2010-05-01,4.78,0.0478,2010,5,2010-05
2010-06-01,4.62,0.0462,2010,6,2010-06
2010-07-01,4.7,0.047,2010,7,2010-07
2010-08-01,4.81,0.0481,2010,8,2010-08
2010-09-01,4.8,0.048,2010,9,2010-09
2010-10-01,4.74,0.047400000000000005,2010,10,2010-10
2010-11-01,4.65,0.04650000000000001,2010,11,2010-11
2010-12-01,4.67,0.0467,2010,12,2010-12
2011-01-01,4.8,0.048,2011,1,2011-01
2011-02-01,4.86,0.048600000000000004,2011,2,2011-02
2011-03-01,4.89,0.0489,2011,3,2011-03
2011-04-01,4.88,0.048799999999999996,2011,4,2011-04
2011-05-01,4.9,0.049,2011,5,2011-05
2011-06-01,4.87,0.0487,2011,6,2011-06
2011-07-01,4.9,0.049,2011,7,2011-07
2011-08-01,4.97,0.049699999999999994,2011,8,2011-08
2011-09-01,5,0.05,2011,9,2011-09
2011-10-01,5.01,0.0501,2011,10,2011-10
2011-11-01,5.01,0.0501,2011,11,2011-11
2011-12-01,4.95,0.0495,2011,12,2011-12
2012-01-01,5.06,0.0506,2012,1,2012-01
2012-02-01,5.02,0.050199999999999995,2012,2,2012-02
2012-03-01,5,0.05,2012,3,2012-03
2012-04-01,4.94,0.049400000000000006,2012,4,2012-04
2012-05-01,4.85,0.048499999999999995,2012,5,2012-05
2012-06-01,4.76,0.047599999999999996,2012,6,2012-06
2012-07-01,4.64,0.0464,2012,7,2012-07
2012-08-01,4.41,0.0441,2012,8,2012-08
2012-09-01,4.29,0.0429,2012,9,2012-09
2012-10-01,4.23,0.042300000000000004,2012,10,2012-10
2012-11-01,4.19,0.04190000000000001,2012,11,2012-11
2012-12-01,4.16,0.0416,2012,12,2012-12
2013-01-01,4.17,0.0417,2013,1,2013-01
2013-02-01,4.06,0.0406,2013,2,2013-02
2013-03-01,3.97,0.0397,2013,3,2013-03
2013-04-01,3.86,0.038599999999999995,2013,4,2013-04
2013-05-01,3.77,0.0377,2013,5,2013-05
2013-06-01,3.73,0.0373,2013,6,2013-06
2013-07-01,3.77,0.0377,2013,7,2013-07
2013-08-01,3.8,0.038,2013,8,2013-08
2013-09-01,3.82,0.0382,2013,9,2013-09
2013-10-01,3.81,0.0381,2013,10,2013-10
2013-11-01,3.77,0.0377,2013,11,2013-11
2013-12-01,3.74,0.0374,2013,12,2013-12
2014-01-01,3.75,0.0375,2014,1,2014-01
2014-02-01,3.71,0.0371,2014,2,2014-02
2014-03-01,3.69,0.0369,2014,3,2014-03
2014-04-01,3.69,0.0369,2014,4,2014-04
2014-05-01,3.63,0.0363,2014,5,2014-05
2014-06-01,3.58,0.0358,2014,6,2014-06
2014-07-01,3.53,0.0353,2014,7,2014-07
2014-08-01,3.5,0.035,2014,8,2014-08
2014-09-01,3.5,0.035,2014,9,2014-09
2014-10-01,3.38,0.0338,2014,10,2014-10
2014-11-01,3.3,0.033,2014,11,2014-11
2014-12-01,3.33,0.0333,2014,12,2014-12
2015-01-01,3.34,0.0334,2015,1,2015-01
2015-02-01,3.24,0.032400000000000005,2015,2,2015-02
2015-03-01,2.97,0.0297,2015,3,2015-03
2015-04-01,2.81,0.0281,2015,4,2015-04
2015-05-01,3.06,0.030600000000000002,2015,5,2015-05
2015-06-01,3.01,0.0301,2015,6,2015-06
2015-07-01,2.96,0.0296,2015,7,2015-07
2015-08-01,2.94,0.0294,2015,8,2015-08
2015-09-01,2.92,0.0292,2015,9,2015-09
2015-10-01,2.9,0.028999999999999998,2015,10,2015-10
2015-11-01,3.04,0.0304,2015,11,2015-11
2015-12-01,3.12,0.031200000000000002,2015,12,2015-12
2016-01-01,3.1,0.031,2016,1,2016-01
2016-02-01,2.99,0.029900000000000003,2016,2,2016-02
2016-03-01,2.97,0.0297,2016,3,2016-03
2016-04-01,2.93,0.029300000000000003,2016,4,2016-04
2016-05-01,2.89,0.028900000000000002,2016,5,2016-05
2016-06-01,2.77,0.0277,2016,6,2016-06
2016-07-01,2.66,0.026600000000000002,2016,7,2016-07
2016-08-01,2.7,0.027000000000000003,2016,8,2016-08
2016-09-01,2.8,0.027999999999999997,2016,9,2016-09
2016-10-01,2.89,0.028900000000000002,2016,10,2016-10
2016-11-01,3.04,0.0304,2016,11,2016-11
2016-12-01,3.13,0.0313,2016,12,2016-12
2017-01-01,3.16,0.0316,2017,1,2017-01
2017-02-01,3.19,0.0319,2017,2,2017-02
2017-03-01,3.21,0.0321,2017,3,2017-03
2017-04-01,3.21,0.0321,2017,4,2017-04
2017-05-01,3.26,0.0326,2017,5,2017-05
2017-06-01,3.22,0.0322,2017,6,2017-06
2017-07-01,3.28,0.032799999999999996,2017,7,2017-07
2017-08-01,3.28,0.032799999999999996,2017,8,2017-08
2017-09-01,3.24,0.032400000000000005,2017,9,2017-09
2017-10-01,3.33,0.0333,2017,10,2017-10
2017-11-01,3.39,0.0339,2017,11,2017-11
2017-12-01,3.42,0.0342,2017,12,2017-12
2018-01-01,3.47,0.0347,2018,1,2018-01
2018-02-01,3.46,0.0346,2018,2,2018-02
2018-03-01,3.45,0.0345,2018,3,2018-03
2018-04-01,3.47,0.0347,2018,4,2018-04
2018-05-01,3.49,0.0349,2018,5,2018-05
2018-06-01,3.46,0.0346,2018,6,2018-06
2018-07-01,3.44,0.0344,2018,7,2018-07
2018-08-01,3.36,0.0336,2018,8,2018-08
2018-09-01,3.29,0.0329,2018,9,2018-09
2018-10-01,3.31,0.0331,2018,10,2018-10
2018-11-01,3.28,0.032799999999999996,2018,11,2018-11
2018-12-01,3.19,0.0319,2018,12,2018-12
2019-01-01,3.12,0.031200000000000002,2019,1,2019-01
2019-02-01,3.08,0.0308,2019,2,2019-02
2019-03-01,3.04,0.0304,2019,3,2019-03
2019-04-01,2.98,0.0298,2019,4,2019-04
2019-05-01,2.93,0.029300000000000003,2019,5,2019-05
2019-06-01,2.74,0.0274,2019,6,2019-06
2019-07-01,2.64,0.0264,2019,7,2019-07
2019-08-01,2.47,0.024700000000000003,2019,8,2019-08
2019-09-01,2.51,0.025099999999999997,2019,9,2019-09
2019-10-01,2.5,0.025,2019,10,2019-10
2019-11-01,2.45,0.0245,2019,11,2019-11
2019-12-01,2.45,0.0245,2019,12,2019-12
2020-01-01,2.51,0.025099999999999997,2020,1,2020-01
2020-02-01,2.52,0.0252,2020,2,2020-02
2020-03-01,2.48,0.0248,2020,3,2020-03
2020-04-01,2.58,0.0258,2020,4,2020-04
2020-05-01,2.52,0.0252,2020,5,2020-05
2020-06-01,2.49,0.024900000000000002,2020,6,2020-06
2020-07-01,2.45,0.0245,2020,7,2020-07
2020-08-01,2.39,0.0239,2020,8,2020-08
2020-09-01,2.44,0.024399999999999998,2020,9,2020-09
2020-10-01,2.47,0.024700000000000003,2020,10,2020-10
2020-11-01,2.56,0.0256,2020,11,2020-11
2020-12-01,2.59,0.0259,2020,12,2020-12
2021-01-01,2.63,0.0263,2021,1,2021-01
2021-02-01,2.66,0.026600000000000002,2021,2,2021-02
