,date,stockCode,stockName,market,open,close,high,low,volume,amount,totShare,totAmount
0,20220624,005930,삼성전자,KOSPI,57900,58400,59100,57700,23256103,1359292776100,5969782550,348635300920000
1,20220623,005930,삼성전자,KOSPI,57700,57400,58000,56800,28338608,1627019443340,5969782550,342665518370000
2,20220622,005930,삼성전자,KOSPI,59000,57600,59100,57600,23334687,1360076149300,5969782550,343859474880000
3,20220621,005930,삼성전자,KOSPI,58700,58500,59200,58200,25148109,1474998298400,5969782550,349232279175000
4,20220620,005930,삼성전자,KOSPI,59800,58700,59900,58100,34111306,1997076972175,5969782550,350426235685000
5,20220617,005930,삼성전자,KOSPI,59400,59800,59900,59400,29053450,1732449618748,5969782550,356992996490000
6,20220616,005930,삼성전자,KOSPI,61300,60900,61800,60500,23394895,1431052309321,5969782550,363559757295000
7,20220615,005930,삼성전자,KOSPI,61300,60700,61500,60200,26811224,1630190882434,5969782550,362365800785000
8,20220614,005930,삼성전자,KOSPI,61200,61900,62200,61100,24606419,1519195265000,5969782550,369529539845000
9,20220613,005930,삼성전자,KOSPI,62400,62100,62800,62100,22157816,1380636801900,5969782550,370723496355000
10,20220610,005930,삼성전자,KOSPI,64000,63800,64400,63800,22193552,1419245099700,5969782550,380872126690000
11,20220609,005930,삼성전자,KOSPI,65100,65200,65200,64500,25790725,1673763680952,5969782550,389229822260000
12,20220608,005930,삼성전자,KOSPI,65400,65300,65700,65300,12483180,817379109300,5969782550,389826800515000
13,20220607,005930,삼성전자,KOSPI,66200,65500,66400,65400,19355755,1273444989300,5969782550,391020757025000
14,20220603,005930,삼성전자,KOSPI,67200,66800,67300,66800,8222883,550654655700,5969782550,398781474340000
15,20220602,005930,삼성전자,KOSPI,66600,66700,67000,66400,14959443,996681075588,5969782550,398184496085000
16,20220531,005930,삼성전자,KOSPI,67500,67400,67500,66700,24365002,1637773742750,5969782550,402363343870000
17,20220530,005930,삼성전자,KOSPI,67500,67700,67800,66900,14255484,960592764000,5969782550,404154278635000
18,20220527,005930,삼성전자,KOSPI,66700,66500,66900,66200,11405555,759034579700,5969782550,396990539575000
19,20220526,005930,삼성전자,KOSPI,66300,65900,67200,65500,15970890,1057298883100,5969782550,393408670045000
20,20220525,005930,삼성전자,KOSPI,66700,66400,67100,65900,15150490,1007805029400,5969782550,396393561320000
21,20220524,005930,삼성전자,KOSPI,67500,66500,67700,66500,15482576,1035492905500,5969782550,396990539575000
22,20220523,005930,삼성전자,KOSPI,68800,67900,68800,67600,13684088,931341158100,5969782550,405348235145000
23,20220520,005930,삼성전자,KOSPI,67800,68000,68400,67700,12109671,824048609800,5969782550,405945213400000
24,20220519,005930,삼성전자,KOSPI,66500,67500,67600,66500,17073727,1147743790508,5969782550,402960322125000
25,20220518,005930,삼성전자,KOSPI,68300,68100,68700,67600,16486319,1122585202585,5969782550,406542191655000
26,20220517,005930,삼성전자,KOSPI,66600,67600,67900,66600,15680447,1058322764800,5969782550,403557300380000
27,20220516,005930,삼성전자,KOSPI,67100,66300,67400,66100,11937555,796060691900,5969782550,395796583065000
28,20220513,005930,삼성전자,KOSPI,65300,66500,66700,65200,14551536,962476162900,5969782550,396990539575000
29,20220512,005930,삼성전자,KOSPI,65200,64900,65500,64900,16414188,1069685385550,5969782550,387438887495000
30,20220511,005930,삼성전자,KOSPI,65500,65700,66300,65200,12330920,812298026600,5969782550,392214713535000
31,20220510,005930,삼성전자,KOSPI,65900,65700,66300,65300,17235605,1132067708900,5969782550,392214713535000
32,20220509,005930,삼성전자,KOSPI,66300,66100,66900,66100,11858736,787562955000,5969782550,394602626555000
33,20220506,005930,삼성전자,KOSPI,67000,66500,67100,66500,14356156,957335193600,5969782550,396990539575000
34,20220504,005930,삼성전자,KOSPI,68000,67900,68400,67500,11505248,781073326235,5969782550,405348235145000
35,20220503,005930,삼성전자,KOSPI,67400,67500,68400,67300,14168875,962643054300,5969782550,402960322125000
36,20220502,005930,삼성전자,KOSPI,66600,67300,67600,66500,14106184,946016270200,5969782550,401766365615000
37,20220429,005930,삼성전자,KOSPI,65100,67400,67600,65000,26190390,1747030218800,5969782550,402363343870000
38,20220428,005930,삼성전자,KOSPI,65400,64800,65500,64500,16895527,1094277578880,5969782550,386841909240000
39,20220427,005930,삼성전자,KOSPI,65400,65000,65500,64900,18122084,1179918512650,5969782550,388035865750000
40,20220426,005930,삼성전자,KOSPI,66400,66100,66700,66100,12946923,858461258448,5969782550,394602626555000
41,20220425,005930,삼성전자,KOSPI,66500,66300,66700,66300,11016474,731676244400,5969782550,395796583065000
42,20220422,005930,삼성전자,KOSPI,67200,67000,67300,66700,11791478,789392306300,5969782550,399975430850000
43,20220421,005930,삼성전자,KOSPI,67600,67700,68300,67500,12847448,872983300180,5969782550,404154278635000
44,20220420,005930,삼성전자,KOSPI,67000,67400,67400,66500,16693293,1116160503800,5969782550,402363343870000
45,20220419,005930,삼성전자,KOSPI,67100,67300,68000,67000,12959434,876087930051,5969782550,401766365615000
46,20220418,005930,삼성전자,KOSPI,66500,66700,67100,66100,10119203,675310095100,5969782550,398184496085000
47,20220415,005930,삼성전자,KOSPI,67200,66600,67300,66500,13176415,878858388800,5969782550,397587517830000
48,20220414,005930,삼성전자,KOSPI,68700,67500,68700,67500,16409494,1112667612000,5969782550,402960322125000
49,20220413,005930,삼성전자,KOSPI,67300,68700,69000,67200,17378619,1183210424500,5969782550,410124061185000
50,20220412,005930,삼성전자,KOSPI,67600,67000,67700,67000,13924389,936611863500,5969782550,399975430850000
51,20220411,005930,삼성전자,KOSPI,67800,67900,68100,67400,12263735,831094572700,5969782550,405348235145000
52,20220408,005930,삼성전자,KOSPI,68100,67800,68300,67700,15453191,1050375034852,5969782550,404751256890000
53,20220407,005930,삼성전자,KOSPI,68500,68000,68500,68000,20683327,1409872624700,5969782550,405945213400000
54,20220406,005930,삼성전자,KOSPI,68600,68500,68800,68500,15517308,1064606110092,5969782550,408930104675000
55,20220405,005930,삼성전자,KOSPI,69400,69200,69600,69100,8467248,586498194900,5969782550,413108952460000
56,20220404,005930,삼성전자,KOSPI,68900,69300,69300,68600,11107905,766930294459,5969782550,413705930715000
57,20220401,005930,삼성전자,KOSPI,69500,69100,69500,69000,15916846,1100422376400,5969782550,412511974205000
58,20220331,005930,삼성전자,KOSPI,69900,69600,70200,69600,12510366,873212583300,5969782550,415496865480000
59,20220330,005930,삼성전자,KOSPI,70300,69900,70500,69800,12670187,887514318650,5969782550,417287800245000
60,20220329,005930,삼성전자,KOSPI,70000,70200,70300,69800,13686208,958589509700,5969782550,419078735010000
61,20220328,005930,삼성전자,KOSPI,69500,69700,69900,69200,12619289,878172199900,5969782550,416093843735000
62,20220325,005930,삼성전자,KOSPI,70100,69800,70200,69600,12986010,906006321000,5969782550,416690821990000
63,20220324,005930,삼성전자,KOSPI,69600,69800,70300,69600,37943357,2628885553700,5969782550,416690821990000
64,20220323,005930,삼성전자,KOSPI,70600,70500,71200,70300,12398025,875833161100,5969782550,420869669775000
65,20220322,005930,삼성전자,KOSPI,69900,70300,70500,69900,9402666,660385691100,5969782550,419675713265000
66,20220321,005930,삼성전자,KOSPI,70900,69900,71000,69900,11169002,784175429300,5969782550,417287800245000
67,20220318,005930,삼성전자,KOSPI,70600,70700,70900,70200,14410038,1017183110700,5969782550,422063626285000
68,20220317,005930,삼성전자,KOSPI,71200,71200,71800,70900,17646315,1258698481050,5969782550,425048517560000
69,20220316,005930,삼성전자,KOSPI,70200,70400,70500,69700,10175750,713364992981,5969782550,420272691520000
70,20220315,005930,삼성전자,KOSPI,69800,69500,70100,69500,10258562,715550312992,5969782550,414899887225000
71,20220314,005930,삼성전자,KOSPI,70000,70200,70200,69600,9040993,632752468500,5969782550,419078735010000
72,20220311,005930,삼성전자,KOSPI,70500,70000,70700,69700,15787655,1105586321900,5969782550,417884778500000
73,20220310,005930,삼성전자,KOSPI,70800,71200,71200,70500,21159248,1500935516076,5969782550,425048517560000
74,20220308,005930,삼성전자,KOSPI,68800,69500,70000,68700,15828269,1100279437100,5969782550,414899887225000
75,20220307,005930,삼성전자,KOSPI,70000,70100,70600,69900,18617138,1305288850400,5969782550,418481756755000
76,20220304,005930,삼성전자,KOSPI,72700,71500,72700,71200,13409634,960572417800,5969782550,426839452325000
77,20220303,005930,삼성전자,KOSPI,72300,72900,73100,72200,13232638,962676478940,5969782550,435197147895000
78,20220302,005930,삼성전자,KOSPI,72300,71700,72400,71500,12481430,897368743880,5969782550,428033408835000
79,20220228,005930,삼성전자,KOSPI,71100,72100,72100,71000,17781783,1272250751300,5969782550,430421321855000
80,20220225,005930,삼성전자,KOSPI,72100,71900,72600,71900,13168484,950762004400,5969782550,429227365345000
81,20220224,005930,삼성전자,KOSPI,72300,71500,72300,71300,15759283,1130166428800,5969782550,426839452325000
82,20220223,005930,삼성전자,KOSPI,73800,73000,73800,72800,10397964,759964784500,5969782550,435794126150000
83,20220222,005930,삼성전자,KOSPI,73000,73400,73400,72800,11692469,854469006291,5969782550,438182039170000
84,20220221,005930,삼성전자,KOSPI,73200,74200,74300,72600,10489717,769773939300,5969782550,442957865210000
85,20220218,005930,삼성전자,KOSPI,74600,74300,74800,73700,10122226,751583038400,5969782550,443554843465000
86,20220217,005930,삼성전자,KOSPI,75000,75000,75600,74500,13605382,1021980123500,5969782550,447733691250000
87,20220216,005930,삼성전자,KOSPI,74600,74800,74900,74200,10767386,802448854700,5969782550,446539734740000
88,20220215,005930,삼성전자,KOSPI,74100,73700,74200,73100,9320365,686706909200,5969782550,439972973935000
89,20220214,005930,삼성전자,KOSPI,74400,73700,74500,73100,13993255,1030683563200,5969782550,439972973935000
90,20220211,005930,삼성전자,KOSPI,75000,74900,75500,74600,12205407,915455022610,5969782550,447136712995000
91,20220210,005930,삼성전자,KOSPI,75600,75400,75800,74700,17746033,1337516647000,5969782550,450121604270000
92,20220209,005930,삼성전자,KOSPI,74300,74700,74700,74000,9699122,722221184750,5969782550,445942756485000
93,20220208,005930,삼성전자,KOSPI,73800,73500,74200,73000,11736666,863666435400,5969782550,438779017425000
94,20220207,005930,삼성전자,KOSPI,73500,73000,73600,72400,14240838,1037300433232,5969782550,435794126150000
95,20220204,005930,삼성전자,KOSPI,74300,74000,74600,73400,12730034,941413120563,5969782550,441763908700000
96,20220203,005930,삼성전자,KOSPI,74900,73300,74900,73300,17744721,1314506070081,5969782550,437585060915000
97,20220128,005930,삼성전자,KOSPI,71300,73300,73700,71200,21367447,1552585967650,5969782550,437585060915000
98,20220127,005930,삼성전자,KOSPI,73800,71300,74000,71300,22274777,1603685111200,5969782550,425645495815000
99,20220126,005930,삼성전자,KOSPI,73900,73300,74400,73100,12976730,955547183400,5969782550,437585060915000
100,20220125,005930,삼성전자,KOSPI,74800,74000,75000,73200,17766704,1313117613328,5969782550,441763908700000
101,20220124,005930,삼성전자,KOSPI,75400,75100,75800,74700,13691134,1028859496700,5969782550,448330669505000
102,20220121,005930,삼성전자,KOSPI,75800,75600,75800,74700,15774888,1186292783000,5969782550,451315560780000
103,20220120,005930,삼성전자,KOSPI,76200,76500,76700,75900,9708168,741154141302,5969782550,456688365075000
104,20220119,005930,삼성전자,KOSPI,76500,76300,76900,76100,10598290,810150634900,5969782550,455494408565000
105,20220118,005930,삼성전자,KOSPI,77600,77000,77800,76600,9592788,740278857400,5969782550,459673256350000
106,20220117,005930,삼성전자,KOSPI,77600,77500,77800,76900,8785122,678903113900,5969782550,462658147625000
107,20220114,005930,삼성전자,KOSPI,77700,77300,78100,77100,10096725,781574668408,5969782550,461464191115000
108,20220113,005930,삼성전자,KOSPI,79300,77900,79300,77900,13889401,1088598373464,5969782550,465046060645000
109,20220112,005930,삼성전자,KOSPI,79500,78900,79600,78600,11000502,868910854000,5969782550,471015843195000
110,20220111,005930,삼성전자,KOSPI,78400,78900,79000,78000,13221123,1038834579600,5969782550,471015843195000
111,20220110,005930,삼성전자,KOSPI,78100,78000,78100,77100,9947422,772740467800,5969782550,465643038900000
112,20220107,005930,삼성전자,KOSPI,78100,78300,78400,77400,15163757,1184236552700,5969782550,467433973665000
113,20220106,005930,삼성전자,KOSPI,76700,76900,77600,76600,12931954,996378432570,5969782550,459076278095000
114,20220105,005930,삼성전자,KOSPI,78800,77400,79000,76400,25470640,1967841509800,5969782550,462061169370000
115,20220104,005930,삼성전자,KOSPI,78800,78700,79200,78300,12427416,977990613000,5969782550,469821886685000
116,20220103,005930,삼성전자,KOSPI,79400,78600,79800,78200,13502112,1066006837750,5969782550,469224908430000
